time,load_shortfall_3h
2018-01-01 00:00:00,8341.483333333343
2018-01-01 03:00:00,12319.319999999998
2018-01-01 06:00:00,15600.189999999993
2018-01-01 09:00:00,2219.0916666666717
2018-01-01 12:00:00,9452.400000000001
2018-01-01 15:00:00,8018.893333333325
2018-01-01 18:00:00,16163.549999999994
2018-01-01 21:00:00,6460.393333333338
2018-01-02 00:00:00,5611.590000000001
2018-01-02 03:00:00,14775.56833333333
2018-01-02 06:00:00,7610.470000000004
2018-01-02 09:00:00,18570.641666666666
2018-01-02 12:00:00,9153.730000000003
2018-01-02 15:00:00,12407.25666666667
2018-01-02 18:00:00,10289.196666666663
2018-01-02 21:00:00,8962.026666666658
2018-01-03 00:00:00,10881.943333333342
2018-01-03 03:00:00,8869.739999999998
2018-01-03 06:00:00,9884.486666666671
2018-01-03 09:00:00,4887.631666666673
2018-01-03 12:00:00,9627.283333333336
2018-01-03 15:00:00,3965.0800000000017
2018-01-03 18:00:00,8785.35333333334
2018-01-03 21:00:00,10303.473333333326
2018-01-04 00:00:00,11800.080000000007
2018-01-04 03:00:00,14216.153333333332
2018-01-04 06:00:00,9916.409999999998
2018-01-04 09:00:00,6981.416666666679
2018-01-04 12:00:00,8981.584999999986
2018-01-04 15:00:00,2258.586666666668
2018-01-04 18:00:00,16011.390000000014
2018-01-04 21:00:00,12752.639999999998
2018-01-05 00:00:00,5253.88916666667
2018-01-05 03:00:00,13901.324999999988
2018-01-05 06:00:00,2196.300000000003
2018-01-05 09:00:00,12812.806666666673
2018-01-05 12:00:00,11338.87750000001
2018-01-05 15:00:00,17663.43833333333
2018-01-05 18:00:00,13573.176666666654
2018-01-05 21:00:00,13369.263333333347
2018-01-06 00:00:00,9960.599999999993
2018-01-06 03:00:00,11676.796666666683
2018-01-06 06:00:00,12833.140000000005
2018-01-06 09:00:00,13016.49666666667
2018-01-06 12:00:00,6295.586666666667
2018-01-06 15:00:00,12978.629999999986
2018-01-06 18:00:00,5348.413333333335
2018-01-06 21:00:00,8662.066666666673
2018-01-07 00:00:00,8321.853333333322
2018-01-07 03:00:00,10393.84666666666
2018-01-07 06:00:00,16007.063333333354
2018-01-07 09:00:00,3843.3766666666716
2018-01-07 12:00:00,11327.350000000002
2018-01-07 15:00:00,15172.336666666659
2018-01-07 18:00:00,8627.05666666666
2018-01-07 21:00:00,3839.290000000002
2018-01-08 00:00:00,3015.719999999995
2018-01-08 03:00:00,9591.199999999992
2018-01-08 06:00:00,13894.013333333329
2018-01-08 09:00:00,15441.753333333338
2018-01-08 12:00:00,14815.336666666659
2018-01-08 15:00:00,4867.286666666664
2018-01-08 18:00:00,14074.590000000002
2018-01-08 21:00:00,9193.48999999999
2018-01-09 00:00:00,13473.896666666678
2018-01-09 03:00:00,4602.740000000005
2018-01-09 06:00:00,14784.736666666684
2018-01-09 09:00:00,9159.860000000002
2018-01-09 12:00:00,2194.2799999999966
2018-01-09 15:00:00,9259.90666666667
2018-01-09 18:00:00,12673.789999999995
2018-01-09 21:00:00,8457.709166666662
2018-01-10 00:00:00,9411.799999999994
2018-01-10 03:00:00,11548.48333333333
2018-01-10 06:00:00,12661.386666666665
2018-01-10 09:00:00,2159.736666666664
2018-01-10 12:00:00,6151.550000000004
2018-01-10 15:00:00,2109.0566666666627
2018-01-10 18:00:00,8082.07333333333
2018-01-10 21:00:00,7161.666666666674
2018-01-11 00:00:00,7405.273333333328
2018-01-11 03:00:00,12534.746666666675
2018-01-11 06:00:00,13654.71999999999
2018-01-11 09:00:00,12935.829999999993
2018-01-11 12:00:00,11999.243333333321
2018-01-11 15:00:00,13058.203333333327
2018-01-11 18:00:00,3917.956666666667
2018-01-11 21:00:00,13182.463333333346
2018-01-12 00:00:00,4476.883333333335
2018-01-12 03:00:00,18278.969999999998
2018-01-12 06:00:00,12599.523333333347
2018-01-12 09:00:00,8547.550000000001
2018-01-12 12:00:00,11148.955833333328
2018-01-12 15:00:00,11890.268333333326
2018-01-12 18:00:00,17373.409999999985
2018-01-12 21:00:00,13816.814999999988
2018-01-13 00:00:00,11526.953333333327
2018-01-13 03:00:00,11831.51333333334
2018-01-13 06:00:00,12642.25333333333
2018-01-13 09:00:00,6283.04
2018-01-13 12:00:00,3305.2133333333286
2018-01-13 15:00:00,14437.42666666667
2018-01-13 18:00:00,12692.579999999994
2018-01-13 21:00:00,11171.046666666673
2018-01-14 00:00:00,14719.080000000002
2018-01-14 03:00:00,4813.556666666664
2018-01-14 06:00:00,13180.596666666654
2018-01-14 09:00:00,6171.89333333334
2018-01-14 12:00:00,5820.896666666664
2018-01-14 15:00:00,12336.776666666658
2018-01-14 18:00:00,4511.7733333333335
2018-01-14 21:00:00,7423.08333333334
2018-01-15 00:00:00,10293.72333333333
2018-01-15 03:00:00,13457.056666666665
2018-01-15 06:00:00,11963.216666666664
2018-01-15 09:00:00,5770.573333333333
2018-01-15 12:00:00,13777.603333333323
2018-01-15 15:00:00,15884.570000000002
2018-01-15 18:00:00,12099.049999999996
2018-01-15 21:00:00,8090.336666666674
2018-01-16 00:00:00,5681.579999999983
2018-01-16 03:00:00,12441.263333333334
2018-01-16 06:00:00,14039.664999999994
2018-01-16 09:00:00,13398.500000000002
2018-01-16 12:00:00,15949.039999999994
2018-01-16 15:00:00,12734.159999999985
2018-01-16 18:00:00,12064.989999999993
2018-01-16 21:00:00,13377.019999999986
2018-01-17 00:00:00,13327.573333333336
2018-01-17 03:00:00,12481.256666666659
2018-01-17 06:00:00,12137.70666666668
2018-01-17 09:00:00,6037.1933333333345
2018-01-17 12:00:00,10572.199999999995
2018-01-17 15:00:00,10490.87999999999
2018-01-17 18:00:00,10900.016666666668
2018-01-17 21:00:00,12767.959999999997
2018-01-18 00:00:00,12864.493333333345
2018-01-18 03:00:00,10052.769999999995
2018-01-18 06:00:00,11951.27666666667
2018-01-18 09:00:00,10829.573333333348
2018-01-18 12:00:00,10561.843333333325
2018-01-18 15:00:00,13420.916666666668
2018-01-18 18:00:00,2609.173333333333
2018-01-18 21:00:00,12814.870000000006
2018-01-19 00:00:00,9089.580000000004
2018-01-19 03:00:00,12309.756666666693
2018-01-19 06:00:00,8490.36666666667
2018-01-19 09:00:00,13916.513333333332
2018-01-19 12:00:00,11867.596666666663
2018-01-19 15:00:00,9312.27333333334
2018-01-19 18:00:00,6235.8566666666675
2018-01-19 21:00:00,11395.050000000012
2018-01-20 00:00:00,18061.203333333335
2018-01-20 03:00:00,14064.60333333333
2018-01-20 06:00:00,16098.073333333328
2018-01-20 09:00:00,10054.546666666665
2018-01-20 12:00:00,11513.296666666663
2018-01-20 15:00:00,12823.663333333336
2018-01-20 18:00:00,5202.906666666665
2018-01-20 21:00:00,20623.768333333323
2018-01-21 00:00:00,8728.973333333333
2018-01-21 03:00:00,16719.13333333332
2018-01-21 06:00:00,8720.303333333333
2018-01-21 09:00:00,9510.094999999998
2018-01-21 12:00:00,11563.236666666688
2018-01-21 15:00:00,4823.6033333333335
2018-01-21 18:00:00,13699.406666666671
2018-01-21 21:00:00,2274.463333333341
2018-01-22 00:00:00,10529.566666666673
2018-01-22 03:00:00,13997.843333333323
2018-01-22 06:00:00,13745.549999999996
2018-01-22 09:00:00,9799.185
2018-01-22 12:00:00,16268.246666666653
2018-01-22 15:00:00,328.46999999999184
2018-01-22 18:00:00,7935.066666666681
2018-01-22 21:00:00,16636.180000000008
2018-01-23 00:00:00,13846.133333333351
2018-01-23 03:00:00,13023.606666666672
2018-01-23 06:00:00,10935.176666666668
2018-01-23 09:00:00,14102.546666666669
2018-01-23 12:00:00,18008.58999999999
2018-01-23 15:00:00,7183.29
2018-01-23 18:00:00,3928.0433333333285
2018-01-23 21:00:00,16954.14666666667
2018-01-24 00:00:00,13907.146666666666
2018-01-24 03:00:00,3576.7366666666635
2018-01-24 06:00:00,6344.270000000007
2018-01-24 09:00:00,11622.653333333337
2018-01-24 12:00:00,13219.333333333345
2018-01-24 15:00:00,9836.096666666672
2018-01-24 18:00:00,13238.046666666674
2018-01-24 21:00:00,6540.890000000002
2018-01-25 00:00:00,14568.910000000022
2018-01-25 03:00:00,10798.333333333308
2018-01-25 06:00:00,6956.133333333336
2018-01-25 09:00:00,11086.473333333322
2018-01-25 12:00:00,14409.980000000003
2018-01-25 15:00:00,15998.26666666667
2018-01-25 18:00:00,12372.430000000011
2018-01-25 21:00:00,9360.676666666659
2018-01-26 00:00:00,10897.306666666673
2018-01-26 03:00:00,17311.699999999983
2018-01-26 06:00:00,6152.306666666674
2018-01-26 09:00:00,11942.733333333343
2018-01-26 12:00:00,6789.343333333347
2018-01-26 15:00:00,11762.846666666677
2018-01-26 18:00:00,14365.343333333345
2018-01-26 21:00:00,10847.476666666673
2018-01-27 00:00:00,13300.949999999993
2018-01-27 03:00:00,12915.83333333333
2018-01-27 06:00:00,-575.7200000000071
2018-01-27 09:00:00,12234.779999999992
2018-01-27 12:00:00,11822.506666666652
2018-01-27 15:00:00,7539.090000000004
2018-01-27 18:00:00,16554.763333333332
2018-01-27 21:00:00,12505.380000000003
2018-01-28 00:00:00,15035.093333333334
2018-01-28 03:00:00,14431.146666666667
2018-01-28 06:00:00,21497.431666666656
2018-01-28 09:00:00,13588.325000000003
2018-01-28 12:00:00,7727.653333333337
2018-01-28 15:00:00,11617.033333333327
2018-01-28 18:00:00,9220.233333333332
2018-01-28 21:00:00,5715.284999999996
2018-01-29 00:00:00,11088.586666666664
2018-01-29 03:00:00,11249.330000000018
2018-01-29 06:00:00,12072.13333333333
2018-01-29 09:00:00,9004.673333333332
2018-01-29 12:00:00,12697.516666666668
2018-01-29 15:00:00,10446.700000000013
2018-01-29 18:00:00,7979.939999999997
2018-01-29 21:00:00,12762.31333333332
2018-01-30 00:00:00,17903.98666666667
2018-01-30 03:00:00,8140.8933333333325
2018-01-30 06:00:00,12732.92333333333
2018-01-30 09:00:00,14034.403333333321
2018-01-30 12:00:00,1310.5483333333432
2018-01-30 15:00:00,12406.496666666668
2018-01-30 18:00:00,11499.120000000004
2018-01-30 21:00:00,15190.770000000011
2018-01-31 00:00:00,7241.890000000005
2018-01-31 03:00:00,10297.749999999985
2018-01-31 06:00:00,9431.316666666666
2018-01-31 09:00:00,8567.576666666677
2018-01-31 12:00:00,12890.866666666656
2018-01-31 15:00:00,5127.046666666667
2018-01-31 18:00:00,14051.243333333325
2018-01-31 21:00:00,8663.18333333332
2018-02-01 00:00:00,8946.489999999998
2018-02-01 03:00:00,14525.070000000002
2018-02-01 06:00:00,7678.689999999985
2018-02-01 09:00:00,4472.053333333336
2018-02-01 12:00:00,2507.806666666671
2018-02-01 15:00:00,9220.263333333325
2018-02-01 18:00:00,13457.850000000004
2018-02-01 21:00:00,14424.669999999995
2018-02-02 00:00:00,8793.763333333338
2018-02-02 03:00:00,12381.093333333325
2018-02-02 06:00:00,15252.116666666658
2018-02-02 09:00:00,7006.9466666666685
2018-02-02 12:00:00,14033.801666666672
2018-02-02 15:00:00,10128.459999999997
2018-02-02 18:00:00,15401.21666666666
2018-02-02 21:00:00,13848.299999999996
2018-02-03 00:00:00,14014.240000000005
2018-02-03 03:00:00,8482.933333333336
2018-02-03 06:00:00,14449.363333333316
2018-02-03 09:00:00,10590.019999999993
2018-02-03 12:00:00,10567.56666666666
2018-02-03 15:00:00,4845.703333333338
2018-02-03 18:00:00,13202.833333333336
2018-02-03 21:00:00,3747.7766666666685
2018-02-04 00:00:00,10372.796666666667
2018-02-04 03:00:00,8767.373333333324
2018-02-04 06:00:00,9668.58666666667
2018-02-04 09:00:00,9222.903333333335
2018-02-04 12:00:00,16424.77666666668
2018-02-04 15:00:00,9651.02000000001
2018-02-04 18:00:00,3994.0100000000007
2018-02-04 21:00:00,11802.079999999994
2018-02-05 00:00:00,14500.426666666677
2018-02-05 03:00:00,13786.556666666651
2018-02-05 06:00:00,10587.476666666666
2018-02-05 09:00:00,8033.991666666671
2018-02-05 12:00:00,14314.643333333339
2018-02-05 15:00:00,12240.686666666657
2018-02-05 18:00:00,6317.073333333329
2018-02-05 21:00:00,8073.3733333333375
2018-02-06 00:00:00,1415.279999999993
2018-02-06 03:00:00,6143.903333333332
2018-02-06 06:00:00,14410.058333333323
2018-02-06 09:00:00,9145.383333333326
2018-02-06 12:00:00,10255.53000000001
2018-02-06 15:00:00,16295.730000000016
2018-02-06 18:00:00,13046.203333333327
2018-02-06 21:00:00,11114.003333333325
2018-02-07 00:00:00,7576.919999999995
2018-02-07 03:00:00,7897.4133333333375
2018-02-07 06:00:00,12238.126666666672
2018-02-07 09:00:00,14337.266666666665
2018-02-07 12:00:00,13918.726666666651
2018-02-07 15:00:00,11609.116666666656
2018-02-07 18:00:00,12481.38
2018-02-07 21:00:00,9415.72666666667
2018-02-08 00:00:00,12559.078333333342
2018-02-08 03:00:00,13504.973333333328
2018-02-08 06:00:00,12347.756666666677
2018-02-08 09:00:00,7124.553333333336
2018-02-08 12:00:00,13996.803333333322
2018-02-08 15:00:00,15908.453333333311
2018-02-08 18:00:00,6958.823333333337
2018-02-08 21:00:00,10103.702499999994
2018-02-09 00:00:00,12285.293333333326
2018-02-09 03:00:00,5204.386666666667
2018-02-09 06:00:00,8728.646666666675
2018-02-09 09:00:00,14470.956666666681
2018-02-09 12:00:00,6726.866666666664
2018-02-09 15:00:00,1711.03
2018-02-09 18:00:00,15781.500000000007
2018-02-09 21:00:00,12611.383333333346
2018-02-10 00:00:00,12823.73999999999
2018-02-10 03:00:00,9530.86666666667
2018-02-10 06:00:00,8707.873333333331
2018-02-10 09:00:00,14927.086666666664
2018-02-10 12:00:00,13329.146666666662
2018-02-10 15:00:00,7328.152499999997
2018-02-10 18:00:00,11095.48916666668
2018-02-10 21:00:00,8240.453333333322
2018-02-11 00:00:00,11396.469999999987
2018-02-11 03:00:00,15657.293333333333
2018-02-11 06:00:00,10522.523333333338
2018-02-11 09:00:00,11139.35
2018-02-11 12:00:00,7744.096666666665
2018-02-11 15:00:00,7972.903333333339
2018-02-11 18:00:00,10558.076666666677
2018-02-11 21:00:00,11837.133333333339
2018-02-12 00:00:00,10655.473333333333
2018-02-12 03:00:00,12625.77666666667
2018-02-12 06:00:00,10528.753333333334
2018-02-12 09:00:00,3375.4133333333366
2018-02-12 12:00:00,14629.510000000007
2018-02-12 15:00:00,13146.636666666658
2018-02-12 18:00:00,8673.703333333327
2018-02-12 21:00:00,14722.593333333347
2018-02-13 00:00:00,16494.349999999988
2018-02-13 03:00:00,1471.486666666665
2018-02-13 06:00:00,11204.769999999997
2018-02-13 09:00:00,14809.879999999996
2018-02-13 12:00:00,3478.4833333333268
2018-02-13 15:00:00,11467.723333333322
2018-02-13 18:00:00,7508.913333333322
2018-02-13 21:00:00,13303.613333333327
2018-02-14 00:00:00,8725.249999999995
2018-02-14 03:00:00,13228.283333333327
2018-02-14 06:00:00,8943.411666666663
2018-02-14 09:00:00,3606.7166666666662
2018-02-14 12:00:00,1654.443333333328
2018-02-14 15:00:00,7623.883333333339
2018-02-14 18:00:00,9790.460000000003
2018-02-14 21:00:00,6050.568333333336
2018-02-15 00:00:00,15629.82666666667
2018-02-15 03:00:00,15085.783333333336
2018-02-15 06:00:00,13420.600000000002
2018-02-15 09:00:00,9324.023333333334
2018-02-15 12:00:00,12406.716666666653
2018-02-15 15:00:00,245.04833333333698
2018-02-15 18:00:00,14924.596666666668
2018-02-15 21:00:00,14145.716666666673
2018-02-16 00:00:00,4370.823333333337
2018-02-16 03:00:00,13999.563333333332
2018-02-16 06:00:00,9843.29666666666
2018-02-16 09:00:00,8636.140000000005
2018-02-16 12:00:00,12968.363333333347
2018-02-16 15:00:00,15781.059999999998
2018-02-16 18:00:00,4220.140000000006
2018-02-16 21:00:00,3192.166666666665
2018-02-17 00:00:00,9621.59000000001
2018-02-17 03:00:00,6812.943333333329
2018-02-17 06:00:00,4817.7633333333315
2018-02-17 09:00:00,8555.840000000002
2018-02-17 12:00:00,9355.499999999998
2018-02-17 15:00:00,11009.86000000001
2018-02-17 18:00:00,8930.599999999995
2018-02-17 21:00:00,14335.746666666662
2018-02-18 00:00:00,11287.969999999987
2018-02-18 03:00:00,16529.563333333343
2018-02-18 06:00:00,8266.173333333325
2018-02-18 09:00:00,10291.473333333332
2018-02-18 12:00:00,13227.136666666653
2018-02-18 15:00:00,16112.023333333318
2018-02-18 18:00:00,8859.803333333342
2018-02-18 21:00:00,8509.803333333333
2018-02-19 00:00:00,10302.173333333347
2018-02-19 03:00:00,11152.549166666657
2018-02-19 06:00:00,12868.266666666665
2018-02-19 09:00:00,14365.433333333338
2018-02-19 12:00:00,18809.475000000017
2018-02-19 15:00:00,10926.530000000012
2018-02-19 18:00:00,6828.8666666666695
2018-02-19 21:00:00,8581.469999999985
2018-02-20 00:00:00,11846.86999999999
2018-02-20 03:00:00,7112.910000000007
2018-02-20 06:00:00,9936.81666666666
2018-02-20 09:00:00,19564.16000000001
2018-02-20 12:00:00,16372.376666666685
2018-02-20 15:00:00,6694.21666666667
2018-02-20 18:00:00,12397.789999999986
2018-02-20 21:00:00,11951.62
2018-02-21 00:00:00,17863.070000000003
2018-02-21 03:00:00,10429.366666666652
2018-02-21 06:00:00,16446.393333333337
2018-02-21 09:00:00,6833.850000000003
2018-02-21 12:00:00,12152.303333333328
2018-02-21 15:00:00,12806.603333333325
2018-02-21 18:00:00,8759.783333333331
2018-02-21 21:00:00,12084.65333333334
2018-02-22 00:00:00,-68.17000000000509
2018-02-22 03:00:00,8151.973333333328
2018-02-22 06:00:00,15692.823333333337
2018-02-22 09:00:00,14509.916666666675
2018-02-22 12:00:00,6018.379999999999
2018-02-22 15:00:00,8425.493333333343
2018-02-22 18:00:00,7991.513333333332
2018-02-22 21:00:00,14141.57333333334
2018-02-23 00:00:00,6674.003333333332
2018-02-23 03:00:00,9102.74666666666
2018-02-23 06:00:00,9808.589999999998
2018-02-23 09:00:00,8541.569166666668
2018-02-23 12:00:00,6707.288333333335
2018-02-23 15:00:00,12455.916666666662
2018-02-23 18:00:00,7159.5233333333235
2018-02-23 21:00:00,8838.033333333322
2018-02-24 00:00:00,4250.823333333336
2018-02-24 03:00:00,16977.793333333335
2018-02-24 06:00:00,10662.723333333333
2018-02-24 09:00:00,8115.276666666675
2018-02-24 12:00:00,9597.886666666667
2018-02-24 15:00:00,10560.146666666666
2018-02-24 18:00:00,8242.539999999999
2018-02-24 21:00:00,5842.096666666672
2018-02-25 00:00:00,14550.71333333334
2018-02-25 03:00:00,13306.913333333347
2018-02-25 06:00:00,4823.179999999994
2018-02-25 09:00:00,8958.783333333316
2018-02-25 12:00:00,10201.793333333326
2018-02-25 15:00:00,12409.856666666654
2018-02-25 18:00:00,10701.856666666652
2018-02-25 21:00:00,12405.149999999998
2018-02-26 00:00:00,815.6733333333493
2018-02-26 03:00:00,6350.384999999997
2018-02-26 06:00:00,7283.183333333337
2018-02-26 09:00:00,11920.576666666679
2018-02-26 12:00:00,10006.369999999997
2018-02-26 15:00:00,13293.069999999992
2018-02-26 18:00:00,7838.886666666659
2018-02-26 21:00:00,11642.15666666666
2018-02-27 00:00:00,11167.139999999998
2018-02-27 03:00:00,8049.786666666684
2018-02-27 06:00:00,14957.001666666663
2018-02-27 09:00:00,9131.139999999996
2018-02-27 12:00:00,16075.433333333318
2018-02-27 15:00:00,2761.9266666666663
2018-02-27 18:00:00,1595.0233333333297
2018-02-27 21:00:00,12785.413333333332
2018-02-28 00:00:00,10476.613333333347
2018-02-28 03:00:00,13117.29333333334
2018-02-28 06:00:00,4106.013333333339
2018-02-28 09:00:00,9067.326666666659
2018-02-28 12:00:00,12091.809999999998
2018-02-28 15:00:00,13582.439999999995
2018-02-28 18:00:00,13311.400000000005
2018-02-28 21:00:00,12711.293333333326
2018-03-01 00:00:00,13428.503333333332
2018-03-01 03:00:00,7963.80666666667
2018-03-01 06:00:00,13338.09666666667
2018-03-01 09:00:00,11782.956666666663
2018-03-01 12:00:00,9860.590000000004
2018-03-01 15:00:00,2815.300000000001
2018-03-01 18:00:00,13684.50666666666
2018-03-01 21:00:00,12279.693333333336
2018-03-02 00:00:00,10203.746666666668
2018-03-02 03:00:00,11375.056666666667
2018-03-02 06:00:00,6652.993333333344
2018-03-02 09:00:00,6808.0450000000055
2018-03-02 12:00:00,14094.179999999995
2018-03-02 15:00:00,11623.52
2018-03-02 18:00:00,8990.356666666665
2018-03-02 21:00:00,11269.284999999993
2018-03-03 00:00:00,10090.836666666659
2018-03-03 03:00:00,10363.919166666667
2018-03-03 06:00:00,13204.166666666662
2018-03-03 09:00:00,12847.036666666667
2018-03-03 12:00:00,6148.823333333342
2018-03-03 15:00:00,14383.406666666675
2018-03-03 18:00:00,5136.039999999999
2018-03-03 21:00:00,4178.9266666666645
2018-03-04 00:00:00,12113.883333333328
2018-03-04 03:00:00,13633.842499999992
2018-03-04 06:00:00,1857.1200000000129
2018-03-04 09:00:00,10017.93666666667
2018-03-04 12:00:00,13384.453333333337
2018-03-04 15:00:00,14573.489999999996
2018-03-04 18:00:00,9622.553333333317
2018-03-04 21:00:00,6745.103333333335
2018-03-05 00:00:00,6205.220000000006
2018-03-05 03:00:00,4543.88666666667
2018-03-05 06:00:00,17013.49666666666
2018-03-05 09:00:00,9829.640000000009
2018-03-05 12:00:00,5529.3366666666625
2018-03-05 15:00:00,8211.396666666666
2018-03-05 18:00:00,15229.563333333332
2018-03-05 21:00:00,14924.760000000017
2018-03-06 00:00:00,13893.02666666668
2018-03-06 03:00:00,15082.006666666668
2018-03-06 06:00:00,9796.734999999993
2018-03-06 09:00:00,10482.426666666654
2018-03-06 12:00:00,13252.426666666664
2018-03-06 15:00:00,14949.180000000004
2018-03-06 18:00:00,10423.493333333336
2018-03-06 21:00:00,14933.166666666692
2018-03-07 00:00:00,14138.293333333337
2018-03-07 03:00:00,16303.073333333348
2018-03-07 06:00:00,14735.833333333321
2018-03-07 09:00:00,7422.279999999999
2018-03-07 12:00:00,9965.86333333334
2018-03-07 15:00:00,5943.903333333339
2018-03-07 18:00:00,13142.073333333332
2018-03-07 21:00:00,14700.673333333341
2018-03-08 00:00:00,9158.660000000002
2018-03-08 03:00:00,14508.250000000005
2018-03-08 06:00:00,10543.50666666667
2018-03-08 09:00:00,11017.998333333337
2018-03-08 12:00:00,11120.78666666667
2018-03-08 15:00:00,13044.106666666657
2018-03-08 18:00:00,8569.103333333334
2018-03-08 21:00:00,12573.09333333334
2018-03-09 00:00:00,10108.653333333332
2018-03-09 03:00:00,10643.079999999998
2018-03-09 06:00:00,2775.3416666666626
2018-03-09 09:00:00,14015.120000000003
2018-03-09 12:00:00,13170.613333333347
2018-03-09 15:00:00,9287.583333333332
2018-03-09 18:00:00,12372.479999999998
2018-03-09 21:00:00,5167.056666666668
2018-03-10 00:00:00,9690.863333333322
2018-03-10 03:00:00,14222.593333333329
2018-03-10 06:00:00,8081.10000000001
2018-03-10 09:00:00,10913.79
2018-03-10 12:00:00,12040.030000000013
2018-03-10 15:00:00,16973.840000000007
2018-03-10 18:00:00,8925.321666666656
2018-03-10 21:00:00,10054.823333333336
2018-03-11 00:00:00,16548.05333333334
2018-03-11 03:00:00,16610.919999999995
2018-03-11 06:00:00,8617.753333333334
2018-03-11 09:00:00,11874.230000000003
2018-03-11 12:00:00,11916.136666666669
2018-03-11 15:00:00,9932.50666666666
2018-03-11 18:00:00,6994.54333333333
2018-03-11 21:00:00,9280.559999999992
2018-03-12 00:00:00,10663.689999999993
2018-03-12 03:00:00,7994.096666666668
2018-03-12 06:00:00,10427.973333333348
2018-03-12 09:00:00,9302.980000000012
2018-03-12 12:00:00,9081.243333333325
2018-03-12 15:00:00,11667.84000000001
2018-03-12 18:00:00,10469.816666666653
2018-03-12 21:00:00,15013.786666666667
2018-03-13 00:00:00,12922.676666666663
2018-03-13 03:00:00,9537.706666666663
2018-03-13 06:00:00,11049.82
2018-03-13 09:00:00,11974.036666666665
2018-03-13 12:00:00,12365.329999999994
2018-03-13 15:00:00,6504.806666666658
2018-03-13 18:00:00,7043.689999999993
2018-03-13 21:00:00,13718.666666666662
2018-03-14 00:00:00,12202.289999999994
2018-03-14 03:00:00,16900.83666666666
2018-03-14 06:00:00,8893.726666666673
2018-03-14 09:00:00,10155.048333333334
2018-03-14 12:00:00,10599.970000000008
2018-03-14 15:00:00,13204.92000000001
2018-03-14 18:00:00,13899.383333333333
2018-03-14 21:00:00,13122.086666666662
2018-03-15 00:00:00,13855.406666666671
2018-03-15 03:00:00,15333.169999999991
2018-03-15 06:00:00,4132.526666666662
2018-03-15 09:00:00,6925.026666666659
2018-03-15 12:00:00,11967.090000000024
2018-03-15 15:00:00,8099.070000000004
2018-03-15 18:00:00,5467.063333333337
2018-03-15 21:00:00,13246.86000000001
2018-03-16 00:00:00,10949.276666666674
2018-03-16 03:00:00,2151.3516666666665
2018-03-16 06:00:00,7465.9500000000035
2018-03-16 09:00:00,13912.959999999997
2018-03-16 12:00:00,9161.048333333334
2018-03-16 15:00:00,7529.856666666665
2018-03-16 18:00:00,8881.300000000003
2018-03-16 21:00:00,5591.2033333333375
2018-03-17 00:00:00,9469.370000000014
2018-03-17 03:00:00,5399.586666666667
2018-03-17 06:00:00,12439.383333333344
2018-03-17 09:00:00,13496.486666666686
2018-03-17 12:00:00,9152.815833333329
2018-03-17 15:00:00,10199.97666666665
2018-03-17 18:00:00,10735.368333333328
2018-03-17 21:00:00,11755.813333333339
2018-03-18 00:00:00,11847.869999999997
2018-03-18 03:00:00,13227.836666666675
2018-03-18 06:00:00,16166.363333333331
2018-03-18 09:00:00,9116.723333333322
2018-03-18 12:00:00,2556.613333333331
2018-03-18 15:00:00,12945.780000000017
2018-03-18 18:00:00,12359.183333333327
2018-03-18 21:00:00,14087.846666666652
2018-03-19 00:00:00,12648.333333333325
2018-03-19 03:00:00,2905.2833333333297
2018-03-19 06:00:00,13955.800000000014
2018-03-19 09:00:00,8518.403333333332
2018-03-19 12:00:00,6874.386666666661
2018-03-19 15:00:00,7837.043333333335
2018-03-19 18:00:00,10076.569166666663
2018-03-19 21:00:00,14063.31666666667
2018-03-20 00:00:00,11763.503333333325
2018-03-20 03:00:00,15128.303333333368
2018-03-20 06:00:00,17176.996666666666
2018-03-20 09:00:00,14994.200000000017
2018-03-20 12:00:00,6673.863333333334
2018-03-20 15:00:00,15207.513333333323
2018-03-20 18:00:00,9783.143333333337
2018-03-20 21:00:00,8438.254166666662
2018-03-21 00:00:00,12455.796666666685
2018-03-21 03:00:00,11981.846666666672
2018-03-21 06:00:00,10897.243333333336
2018-03-21 09:00:00,3576.6399999999935
2018-03-21 12:00:00,10406.980000000003
2018-03-21 15:00:00,8389.973333333333
2018-03-21 18:00:00,12421.226666666675
2018-03-21 21:00:00,8750.529999999988
2018-03-22 00:00:00,12255.703333333344
2018-03-22 03:00:00,12291.713333333313
2018-03-22 06:00:00,14948.380000000026
2018-03-22 09:00:00,12474.556666666667
2018-03-22 12:00:00,11014.060000000005
2018-03-22 15:00:00,10435.893333333339
2018-03-22 18:00:00,18745.40333333332
2018-03-22 21:00:00,6199.4066666666595
2018-03-23 00:00:00,11129.266666666657
2018-03-23 03:00:00,8986.20666666665
2018-03-23 06:00:00,11512.576666666671
2018-03-23 09:00:00,12437.15666666666
2018-03-23 12:00:00,8860.943333333322
2018-03-23 15:00:00,10009.862499999996
2018-03-23 18:00:00,16417.859999999997
2018-03-23 21:00:00,11347.566666666651
2018-03-24 00:00:00,5324.576666666665
2018-03-24 03:00:00,7154.404999999993
2018-03-24 06:00:00,12115.320000000002
2018-03-24 09:00:00,14914.433333333327
2018-03-24 12:00:00,5297.136666666669
2018-03-24 15:00:00,4089.0633333333412
2018-03-24 18:00:00,13817.356666666647
2018-03-24 21:00:00,10508.853333333342
2018-03-25 00:00:00,1732.983333333329
2018-03-25 03:00:00,15769.650000000021
2018-03-25 06:00:00,7680.856666666665
2018-03-25 09:00:00,12926.29666666666
2018-03-25 12:00:00,8610.510000000002
2018-03-25 15:00:00,6858.42666666667
2018-03-25 18:00:00,6910.760000000005
2018-03-25 21:00:00,9169.000000000005
2018-03-26 00:00:00,6273.673333333343
2018-03-26 03:00:00,8774.436666666663
2018-03-26 06:00:00,8350.436666666654
2018-03-26 09:00:00,11519.34666666667
2018-03-26 12:00:00,7841.280000000002
2018-03-26 15:00:00,12316.11
2018-03-26 18:00:00,3276.6600000000008
2018-03-26 21:00:00,13608.383333333337
2018-03-27 00:00:00,5755.616666666664
2018-03-27 03:00:00,13665.930000000011
2018-03-27 06:00:00,5552.599999999998
2018-03-27 09:00:00,11549.633333333339
2018-03-27 12:00:00,14661.310000000005
2018-03-27 15:00:00,12308.796666666663
2018-03-27 18:00:00,16448.949999999997
2018-03-27 21:00:00,17231.016666666677
2018-03-28 00:00:00,4623.130000000004
2018-03-28 03:00:00,16132.213333333324
2018-03-28 06:00:00,7844.029166666669
2018-03-28 09:00:00,12010.70666666666
2018-03-28 12:00:00,5099.769999999993
2018-03-28 15:00:00,9876.210000000012
2018-03-28 18:00:00,15116.796666666667
2018-03-28 21:00:00,10903.866666666665
2018-03-29 00:00:00,6708.369999999994
2018-03-29 03:00:00,792.7866666666721
2018-03-29 06:00:00,3041.680000000007
2018-03-29 09:00:00,11060.212499999987
2018-03-29 12:00:00,14824.230000000009
2018-03-29 15:00:00,14559.479999999996
2018-03-29 18:00:00,16341.40666666667
2018-03-29 21:00:00,5010.346666666666
2018-03-30 00:00:00,7775.960000000005
2018-03-30 03:00:00,14571.913333333328
2018-03-30 06:00:00,12802.41666666667
2018-03-30 09:00:00,12765.64333333333
2018-03-30 12:00:00,10973.089999999991
2018-03-30 15:00:00,7763.466666666667
2018-03-30 18:00:00,10708.796666666689
2018-03-30 21:00:00,13310.436666666665
2018-03-31 00:00:00,13465.773333333324
2018-03-31 03:00:00,16134.689999999997
2018-03-31 06:00:00,13223.213333333324
2018-03-31 09:00:00,3082.3766666666697
2018-03-31 12:00:00,11371.211666666668
2018-03-31 15:00:00,10874.550000000003
2018-03-31 18:00:00,12387.993333333336
2018-03-31 21:00:00,19266.036666666667
2018-04-01 00:00:00,8514.225833333336
2018-04-01 03:00:00,6718.436666666671
2018-04-01 06:00:00,13758.766666666661
2018-04-01 09:00:00,14427.879999999988
2018-04-01 12:00:00,7066.990000000011
2018-04-01 15:00:00,9843.906666666664
2018-04-01 18:00:00,2856.600000000002
2018-04-01 21:00:00,7401.13
2018-04-02 00:00:00,12990.286666666676
2018-04-02 03:00:00,2814.5066666666685
2018-04-02 06:00:00,13699.69333333334
2018-04-02 09:00:00,7710.046666666658
2018-04-02 12:00:00,7946.396666666662
2018-04-02 15:00:00,5756.5766666666605
2018-04-02 18:00:00,304.0866666666731
2018-04-02 21:00:00,12887.456666666672
2018-04-03 00:00:00,11021.216666666674
2018-04-03 03:00:00,13867.133333333344
2018-04-03 06:00:00,13972.796666666673
2018-04-03 09:00:00,15940.84666666668
2018-04-03 12:00:00,6802.136666666661
2018-04-03 15:00:00,18391.760000000006
2018-04-03 18:00:00,8776.346666666666
2018-04-03 21:00:00,13901.773333333334
2018-04-04 00:00:00,16821.18333333332
2018-04-04 03:00:00,3692.9399999999964
2018-04-04 06:00:00,12699.958333333332
2018-04-04 09:00:00,3335.879999999999
2018-04-04 12:00:00,15900.960000000005
2018-04-04 15:00:00,5157.2699999999995
2018-04-04 18:00:00,8259.523333333324
2018-04-04 21:00:00,6143.653333333334
2018-04-05 00:00:00,10944.333333333332
2018-04-05 03:00:00,17411.83166666666
2018-04-05 06:00:00,11683.08666666667
2018-04-05 09:00:00,9849.846666666686
2018-04-05 12:00:00,7265.203333333333
2018-04-05 15:00:00,6780.073333333336
2018-04-05 18:00:00,10910.780000000002
2018-04-05 21:00:00,14395.919999999984
2018-04-06 00:00:00,15684.82500000001
2018-04-06 03:00:00,13787.530000000019
2018-04-06 06:00:00,13135.916666666659
2018-04-06 09:00:00,6823.913333333333
2018-04-06 12:00:00,9453.520000000004
2018-04-06 15:00:00,7887.190000000003
2018-04-06 18:00:00,9287.143333333323
2018-04-06 21:00:00,13355.613333333336
2018-04-07 00:00:00,10442.29666666666
2018-04-07 03:00:00,10859.039999999988
2018-04-07 06:00:00,13151.873333333337
2018-04-07 09:00:00,8836.280000000004
2018-04-07 12:00:00,12493.506666666659
2018-04-07 15:00:00,9386.993333333336
2018-04-07 18:00:00,11796.116666666667
2018-04-07 21:00:00,9064.62666666667
2018-04-08 00:00:00,10410.81
2018-04-08 03:00:00,12269.04333333334
2018-04-08 06:00:00,16304.696666666665
2018-04-08 09:00:00,14597.080000000005
2018-04-08 12:00:00,5149.129999999997
2018-04-08 15:00:00,14682.943333333333
2018-04-08 18:00:00,9646.406666666657
2018-04-08 21:00:00,8464.02666666667
2018-04-09 00:00:00,9709.719999999998
2018-04-09 03:00:00,14062.870000000003
2018-04-09 06:00:00,17060.36
2018-04-09 09:00:00,12636.716666666669
2018-04-09 12:00:00,11467.990000000013
2018-04-09 15:00:00,17906.493333333336
2018-04-09 18:00:00,11504.49
2018-04-09 21:00:00,12497.7
2018-04-10 00:00:00,13653.609999999997
2018-04-10 03:00:00,10201.070000000009
2018-04-10 06:00:00,16628.213333333348
2018-04-10 09:00:00,10073.900000000007
2018-04-10 12:00:00,1144.029999999999
2018-04-10 15:00:00,8852.606666666654
2018-04-10 18:00:00,14367.12999999999
2018-04-10 21:00:00,5460.703333333333
2018-04-11 00:00:00,12632.716666666669
2018-04-11 03:00:00,6693.466666666666
2018-04-11 06:00:00,8276.43333333333
2018-04-11 09:00:00,9335.056666666673
2018-04-11 12:00:00,13793.230000000005
2018-04-11 15:00:00,3878.7399999999966
2018-04-11 18:00:00,15903.203333333337
2018-04-11 21:00:00,9314.780000000002
2018-04-12 00:00:00,13755.96666666666
2018-04-12 03:00:00,10194.312500000011
2018-04-12 06:00:00,13866.056666666667
2018-04-12 09:00:00,10371.319166666666
2018-04-12 12:00:00,11299.76
2018-04-12 15:00:00,8514.9
2018-04-12 18:00:00,7541.490000000014
2018-04-12 21:00:00,13487.220000000003
2018-04-13 00:00:00,13646.683333333323
2018-04-13 03:00:00,17311.080000000005
2018-04-13 06:00:00,11416.63333333333
2018-04-13 09:00:00,11806.656666666668
2018-04-13 12:00:00,16935.090000000022
2018-04-13 15:00:00,20091.506666666675
2018-04-13 18:00:00,6786.886666666667
2018-04-13 21:00:00,10148.33666666666
2018-04-14 00:00:00,6094.543333333335
2018-04-14 03:00:00,4161.896666666667
2018-04-14 06:00:00,12961.960000000005
2018-04-14 09:00:00,15295.43666666667
2018-04-14 12:00:00,5203.113333333334
2018-04-14 15:00:00,13623.910000000014
2018-04-14 18:00:00,12029.116666666656
2018-04-14 21:00:00,6877.16666666667
2018-04-15 00:00:00,8223.623333333337
2018-04-15 03:00:00,5927.89
2018-04-15 06:00:00,10703.686666666668
2018-04-15 09:00:00,10220.999999999995
2018-04-15 12:00:00,2697.6566666666617
2018-04-15 15:00:00,10641.393333333343
2018-04-15 18:00:00,8774.233333333323
2018-04-15 21:00:00,12689.203333333344
2018-04-16 00:00:00,13091.260000000007
2018-04-16 03:00:00,17551.23666666666
2018-04-16 06:00:00,16751.356666666677
2018-04-16 09:00:00,12391.480000000007
2018-04-16 12:00:00,5062.290000000005
2018-04-16 15:00:00,11392.533333333327
2018-04-16 18:00:00,16383.753333333325
2018-04-16 21:00:00,8297.929999999995
2018-04-17 00:00:00,12203.389999999992
2018-04-17 03:00:00,4375.159999999995
2018-04-17 06:00:00,11174.446666666665
2018-04-17 09:00:00,4829.353333333339
2018-04-17 12:00:00,5067.136666666662
2018-04-17 15:00:00,4909.83
2018-04-17 18:00:00,10921.726666666678
2018-04-17 21:00:00,11968.79
2018-04-18 00:00:00,14265.956666666676
2018-04-18 03:00:00,2606.7533333333326
2018-04-18 06:00:00,13331.233333333337
2018-04-18 09:00:00,5561.566666666673
2018-04-18 12:00:00,14310.873333333333
2018-04-18 15:00:00,17783.699999999993
2018-04-18 18:00:00,9770.961666666673
2018-04-18 21:00:00,7280.31333333333
2018-04-19 00:00:00,10244.480000000007
2018-04-19 03:00:00,8240.179999999998
2018-04-19 06:00:00,8488.70333333332
2018-04-19 09:00:00,10710.826666666684
2018-04-19 12:00:00,9803.556666666676
2018-04-19 15:00:00,11406.206666666667
2018-04-19 18:00:00,14549.220000000003
2018-04-19 21:00:00,11732.726666666676
2018-04-20 00:00:00,16461.790000000005
2018-04-20 03:00:00,8016.180000000002
2018-04-20 06:00:00,14964.273333333333
2018-04-20 09:00:00,14705.358333333339
2018-04-20 12:00:00,13173.74
2018-04-20 15:00:00,9668.446666666661
2018-04-20 18:00:00,13574.539999999997
2018-04-20 21:00:00,7111.473333333329
2018-04-21 00:00:00,13270.198333333323
2018-04-21 03:00:00,8063.839999999994
2018-04-21 06:00:00,6874.853333333335
2018-04-21 09:00:00,7024.766666666666
2018-04-21 12:00:00,12729.43333333334
2018-04-21 15:00:00,14258.673333333325
2018-04-21 18:00:00,6313.381666666665
2018-04-21 21:00:00,9297.730000000005
2018-04-22 00:00:00,6574.480000000001
2018-04-22 03:00:00,12911.369999999972
2018-04-22 06:00:00,13135.810000000007
2018-04-22 09:00:00,14902.960000000014
2018-04-22 12:00:00,12706.819999999992
2018-04-22 15:00:00,13646.413333333338
2018-04-22 18:00:00,12571.133333333346
2018-04-22 21:00:00,8120.889999999996
2018-04-23 00:00:00,14022.006666666677
2018-04-23 03:00:00,13499.980000000005
2018-04-23 06:00:00,8181.50333333333
2018-04-23 09:00:00,7717.589999999991
2018-04-23 12:00:00,15271.756666666652
2018-04-23 15:00:00,15379.803333333339
2018-04-23 18:00:00,15893.61333333334
2018-04-23 21:00:00,15563.993333333337
2018-04-24 00:00:00,5890.433333333342
2018-04-24 03:00:00,12789.04333333334
2018-04-24 06:00:00,12041.586666666659
2018-04-24 09:00:00,10697.196666666672
2018-04-24 12:00:00,13327.830000000002
2018-04-24 15:00:00,15394.769999999993
2018-04-24 18:00:00,15436.800000000003
2018-04-24 21:00:00,7689.675000000006
2018-04-25 00:00:00,13560.4566666667
2018-04-25 03:00:00,14811.186666666648
2018-04-25 06:00:00,14255.62999999999
2018-04-25 09:00:00,13275.876666666676
2018-04-25 12:00:00,14395.073333333328
2018-04-25 15:00:00,14260.01333333333
2018-04-25 18:00:00,4002.800000000005
2018-04-25 21:00:00,13745.546666666658
2018-04-26 00:00:00,6156.2599999999975
2018-04-26 03:00:00,14672.143333333335
2018-04-26 06:00:00,5688.05666666667
2018-04-26 09:00:00,12754.619999999986
2018-04-26 12:00:00,8049.043333333334
2018-04-26 15:00:00,15473.48666666666
2018-04-26 18:00:00,12186.799999999997
2018-04-26 21:00:00,13321.1
2018-04-27 00:00:00,9445.880000000006
2018-04-27 03:00:00,15001.553333333344
2018-04-27 06:00:00,7896.793333333326
2018-04-27 09:00:00,10534.88500000001
2018-04-27 12:00:00,13333.233333333337
2018-04-27 15:00:00,7748.783333333338
2018-04-27 18:00:00,15547.083333333341
2018-04-27 21:00:00,8536.589999999995
2018-04-28 00:00:00,7826.765833333331
2018-04-28 03:00:00,12512.843333333325
2018-04-28 06:00:00,6209.12333333333
2018-04-28 09:00:00,7949.499999999999
2018-04-28 12:00:00,8535.210000000003
2018-04-28 15:00:00,13233.25
2018-04-28 18:00:00,14350.589999999993
2018-04-28 21:00:00,13653.53000000001
2018-04-29 00:00:00,6143.093333333332
2018-04-29 03:00:00,12742.463333333337
2018-04-29 06:00:00,3637.6099999999924
2018-04-29 09:00:00,6365.703333333323
2018-04-29 12:00:00,13582.22
2018-04-29 15:00:00,11497.436666666645
2018-04-29 18:00:00,10964.704999999998
2018-04-29 21:00:00,8672.483333333334
2018-04-30 00:00:00,13133.913333333314
2018-04-30 03:00:00,16102.573333333326
2018-04-30 06:00:00,9763.819999999992
2018-04-30 09:00:00,12239.460000000005
2018-04-30 12:00:00,14853.233333333332
2018-04-30 15:00:00,10508.336666666675
2018-04-30 18:00:00,14985.769999999995
2018-04-30 21:00:00,13049.743333333328
2018-05-01 00:00:00,10409.08000000001
2018-05-01 03:00:00,11585.706666666674
2018-05-01 06:00:00,3461.830000000014
2018-05-01 09:00:00,9890.636666666664
2018-05-01 12:00:00,13316.403333333345
2018-05-01 15:00:00,3835.580000000002
2018-05-01 18:00:00,16120.866666666661
2018-05-01 21:00:00,6448.836666666671
2018-05-02 00:00:00,7141.156666666671
2018-05-02 03:00:00,11786.860000000004
2018-05-02 06:00:00,11368.600000000011
2018-05-02 09:00:00,9969.610000000004
2018-05-02 12:00:00,6929.43666666667
2018-05-02 15:00:00,10141.293333333337
2018-05-02 18:00:00,15540.523333333322
2018-05-02 21:00:00,6426.946666666668
2018-05-03 00:00:00,13541.810000000012
2018-05-03 03:00:00,13950.849999999991
2018-05-03 06:00:00,12713.163333333338
2018-05-03 09:00:00,8788.086666666664
2018-05-03 12:00:00,11954.963333333317
2018-05-03 15:00:00,12358.44000000001
2018-05-03 18:00:00,15850.273333333347
2018-05-03 21:00:00,9713.073333333337
2018-05-04 00:00:00,14343.31
2018-05-04 03:00:00,4187.6500000000015
2018-05-04 06:00:00,9874.816666666662
2018-05-04 09:00:00,8205.129999999994
2018-05-04 12:00:00,15710.976666666673
2018-05-04 15:00:00,7416.766666666655
2018-05-04 18:00:00,13087.753333333323
2018-05-04 21:00:00,13981.163333333321
2018-05-05 00:00:00,12898.16666666666
2018-05-05 03:00:00,6423.683333333329
2018-05-05 06:00:00,14916.299999999994
2018-05-05 09:00:00,12084.033333333318
2018-05-05 12:00:00,13755.736666666675
2018-05-05 15:00:00,11845.933333333338
2018-05-05 18:00:00,262.0200000000142
2018-05-05 21:00:00,4973.016666666666
2018-05-06 00:00:00,6515.829999999993
2018-05-06 03:00:00,4410.750000000007
2018-05-06 06:00:00,12105.489999999985
2018-05-06 09:00:00,14393.536666666681
2018-05-06 12:00:00,8791.540000000019
2018-05-06 15:00:00,15392.713333333337
2018-05-06 18:00:00,11656.005833333336
2018-05-06 21:00:00,14394.203333333318
2018-05-07 00:00:00,9374.393333333335
2018-05-07 03:00:00,13254.630000000005
2018-05-07 06:00:00,5653.073333333335
2018-05-07 09:00:00,11357.543333333324
2018-05-07 12:00:00,11296.233333333335
2018-05-07 15:00:00,13019.726666666653
2018-05-07 18:00:00,10232.510000000004
2018-05-07 21:00:00,13668.406666666662
2018-05-08 00:00:00,13261.510000000011
2018-05-08 03:00:00,3887.6466666666693
2018-05-08 06:00:00,2351.9566666666674
2018-05-08 09:00:00,11303.233333333346
2018-05-08 12:00:00,16664.739999999976
2018-05-08 15:00:00,9385.278333333328
2018-05-08 18:00:00,4986.343333333347
2018-05-08 21:00:00,12402.45
2018-05-09 00:00:00,13437.266666666668
2018-05-09 03:00:00,7860.956666666669
2018-05-09 06:00:00,12060.073333333323
2018-05-09 09:00:00,12632.626666666676
2018-05-09 12:00:00,8144.3066666666655
2018-05-09 15:00:00,17152.03333333333
2018-05-09 18:00:00,7300.373333333315
2018-05-09 21:00:00,12994.976666666656
2018-05-10 00:00:00,12241.889999999996
2018-05-10 03:00:00,2448.0133333333256
2018-05-10 06:00:00,7681.085833333329
2018-05-10 09:00:00,8103.916666666673
2018-05-10 12:00:00,11453.96333333333
2018-05-10 15:00:00,11520.416666666672
2018-05-10 18:00:00,13936.296666666676
2018-05-10 21:00:00,6172.889999999994
2018-05-11 00:00:00,9721.233333333332
2018-05-11 03:00:00,12935.783333333327
2018-05-11 06:00:00,4606.636666666662
2018-05-11 09:00:00,16081.563333333355
2018-05-11 12:00:00,10367.12583333333
2018-05-11 15:00:00,7051.566666666663
2018-05-11 18:00:00,10685.296666666663
2018-05-11 21:00:00,6644.9466666666685
2018-05-12 00:00:00,13649.485
2018-05-12 03:00:00,17927.303333333333
2018-05-12 06:00:00,13271.700000000006
2018-05-12 09:00:00,17684.053333333337
2018-05-12 12:00:00,11380.189999999997
2018-05-12 15:00:00,13117.07333333333
2018-05-12 18:00:00,7851.296666666665
2018-05-12 21:00:00,11872.200000000004
2018-05-13 00:00:00,15675.089999999991
2018-05-13 03:00:00,6461.0783333333275
2018-05-13 06:00:00,12354.07333333333
2018-05-13 09:00:00,5876.100000000001
2018-05-13 12:00:00,10566.806666666673
2018-05-13 15:00:00,4631.589999999988
2018-05-13 18:00:00,7887.793333333335
2018-05-13 21:00:00,10119.783333333327
2018-05-14 00:00:00,15671.606666666688
2018-05-14 03:00:00,8850.11
2018-05-14 06:00:00,16410.533333333322
2018-05-14 09:00:00,7416.023333333337
2018-05-14 12:00:00,7417.921666666665
2018-05-14 15:00:00,12590.413333333325
2018-05-14 18:00:00,16067.846666666646
2018-05-14 21:00:00,12748.83833333334
2018-05-15 00:00:00,12683.510000000004
2018-05-15 03:00:00,15212.256666666664
2018-05-15 06:00:00,6526.299999999996
2018-05-15 09:00:00,4190.174999999995
2018-05-15 12:00:00,8875.423333333332
2018-05-15 15:00:00,5492.383333333342
2018-05-15 18:00:00,6749.343333333324
2018-05-15 21:00:00,13270.52333333334
2018-05-16 00:00:00,12399.3
2018-05-16 03:00:00,14805.406666666671
2018-05-16 06:00:00,5313.014999999998
2018-05-16 09:00:00,13357.108333333323
2018-05-16 12:00:00,12966.70833333334
2018-05-16 15:00:00,10799.423333333325
2018-05-16 18:00:00,10390.922499999991
2018-05-16 21:00:00,8982.313333333343
2018-05-17 00:00:00,9380.506666666663
2018-05-17 03:00:00,5936.149999999986
2018-05-17 06:00:00,10421.010000000002
2018-05-17 09:00:00,3553.7566666666685
2018-05-17 12:00:00,11621.796666666673
2018-05-17 15:00:00,17743.083333333318
2018-05-17 18:00:00,13815.080000000002
2018-05-17 21:00:00,13347.76333333333
2018-05-18 00:00:00,8972.001666666672
2018-05-18 03:00:00,5803.559999999999
2018-05-18 06:00:00,12687.926666666674
2018-05-18 09:00:00,6306.24333333333
2018-05-18 12:00:00,10973.470000000016
2018-05-18 15:00:00,4792.730000000008
2018-05-18 18:00:00,9020.010000000007
2018-05-18 21:00:00,6743.206666666666
2018-05-19 00:00:00,15111.476666666667
2018-05-19 03:00:00,7412.5166666666655
2018-05-19 06:00:00,14169.533333333336
2018-05-19 09:00:00,16974.913333333334
2018-05-19 12:00:00,6701.760000000001
2018-05-19 15:00:00,7592.273333333346
2018-05-19 18:00:00,8970.06333333332
2018-05-19 21:00:00,12552.606666666677
2018-05-20 00:00:00,10954.190000000004
2018-05-20 03:00:00,12112.759999999998
2018-05-20 06:00:00,5940.096666666665
2018-05-20 09:00:00,14241.979999999996
2018-05-20 12:00:00,15539.746666666686
2018-05-20 15:00:00,14439.809999999989
2018-05-20 18:00:00,15986.153333333337
2018-05-20 21:00:00,19481.44666666666
2018-05-21 00:00:00,11460.49666666665
2018-05-21 03:00:00,13361.72333333332
2018-05-21 06:00:00,15391.55333333333
2018-05-21 09:00:00,10067.930000000008
2018-05-21 12:00:00,6817.582499999999
2018-05-21 15:00:00,599.1766666666609
2018-05-21 18:00:00,9756.320000000009
2018-05-21 21:00:00,7168.52666666666
2018-05-22 00:00:00,9074.206666666665
2018-05-22 03:00:00,11456.16666666667
2018-05-22 06:00:00,18215.146666666653
2018-05-22 09:00:00,9992.803333333335
2018-05-22 12:00:00,5431.173333333335
2018-05-22 15:00:00,16059.33333333334
2018-05-22 18:00:00,12921.04666666666
2018-05-22 21:00:00,2806.5133333333238
2018-05-23 00:00:00,11642.863333333336
2018-05-23 03:00:00,5490.813333333328
2018-05-23 06:00:00,13955.159999999982
2018-05-23 09:00:00,14505.198333333332
2018-05-23 12:00:00,10725.5
2018-05-23 15:00:00,13504.099999999975
2018-05-23 18:00:00,16260.646666666673
2018-05-23 21:00:00,13506.940000000004
2018-05-24 00:00:00,12048.550000000012
2018-05-24 03:00:00,8901.046666666654
2018-05-24 06:00:00,10400.189166666658
2018-05-24 09:00:00,12415.154999999992
2018-05-24 12:00:00,6486.495
2018-05-24 15:00:00,13606.593333333334
2018-05-24 18:00:00,11903.49666666667
2018-05-24 21:00:00,15323.92000000001
2018-05-25 00:00:00,12591.693333333336
2018-05-25 03:00:00,11752.976666666662
2018-05-25 06:00:00,11865.073333333323
2018-05-25 09:00:00,2431.466666666668
2018-05-25 12:00:00,13605.75
2018-05-25 15:00:00,12652.273333333318
2018-05-25 18:00:00,9972.349999999997
2018-05-25 21:00:00,15826.846666666679
2018-05-26 00:00:00,15382.283333333331
2018-05-26 03:00:00,15245.526666666681
2018-05-26 06:00:00,9942.849999999997
2018-05-26 09:00:00,14888.456666666665
2018-05-26 12:00:00,6513.230000000007
2018-05-26 15:00:00,11208.156666666668
2018-05-26 18:00:00,13526.629999999986
2018-05-26 21:00:00,12562.619999999994
2018-05-27 00:00:00,8747.933333333336
2018-05-27 03:00:00,12559.509999999984
2018-05-27 06:00:00,11989.541666666668
2018-05-27 09:00:00,12849.28
2018-05-27 12:00:00,16246.743333333321
2018-05-27 15:00:00,1785.096666666668
2018-05-27 18:00:00,5013.3866666666645
2018-05-27 21:00:00,9276.376666666658
2018-05-28 00:00:00,10458.919999999998
2018-05-28 03:00:00,13782.696666666656
2018-05-28 06:00:00,11764.900000000005
2018-05-28 09:00:00,9634.916666666684
2018-05-28 12:00:00,11251.166666666664
2018-05-28 15:00:00,15823.379999999997
2018-05-28 18:00:00,13306.833333333328
2018-05-28 21:00:00,7535.576666666669
2018-05-29 00:00:00,10988.380000000005
2018-05-29 03:00:00,2386.6483333333254
2018-05-29 06:00:00,9188.069999999978
2018-05-29 09:00:00,12201.50666666667
2018-05-29 12:00:00,17827.403333333343
2018-05-29 15:00:00,15555.541666666672
2018-05-29 18:00:00,10194.293333333328
2018-05-29 21:00:00,6370.516666666668
2018-05-30 00:00:00,4797.873333333333
2018-05-30 03:00:00,2905.518333333332
2018-05-30 06:00:00,10623.25333333335
2018-05-30 09:00:00,14981.439999999986
2018-05-30 12:00:00,3477.3333333333394
2018-05-30 15:00:00,9452.676666666666
2018-05-30 18:00:00,15041.733333333343
2018-05-30 21:00:00,2838.690000000007
2018-05-31 00:00:00,7086.769999999995
2018-05-31 03:00:00,8917.653333333332
2018-05-31 06:00:00,4321.033333333336
2018-05-31 09:00:00,8351.363333333315
2018-05-31 12:00:00,10770.273333333342
2018-05-31 15:00:00,6460.600000000009
2018-05-31 18:00:00,14821.796666666658
2018-05-31 21:00:00,6846.420000000004
2018-06-01 00:00:00,979.243333333335
2018-06-01 03:00:00,3230.3133333333376
2018-06-01 06:00:00,6121.633333333335
2018-06-01 09:00:00,13569.796666666669
2018-06-01 12:00:00,3258.8100000000018
2018-06-01 15:00:00,13525.766666666686
2018-06-01 18:00:00,9427.152499999998
2018-06-01 21:00:00,10166.989999999993
2018-06-02 00:00:00,12588.94
2018-06-02 03:00:00,13237.080000000009
2018-06-02 06:00:00,11358.72666666666
2018-06-02 09:00:00,6016.826666666679
2018-06-02 12:00:00,13458.416666666672
2018-06-02 15:00:00,11686.15333333334
2018-06-02 18:00:00,3451.063333333324
2018-06-02 21:00:00,11645.05000000001
2018-06-03 00:00:00,12233.296666666649
2018-06-03 03:00:00,7325.293333333327
2018-06-03 06:00:00,16951.3233333333
2018-06-03 09:00:00,14027.680000000011
2018-06-03 12:00:00,10777.40666666667
2018-06-03 15:00:00,15098.79999999998
2018-06-03 18:00:00,6828.944999999996
2018-06-03 21:00:00,13284.793333333313
2018-06-04 00:00:00,11877.883333333319
2018-06-04 03:00:00,16987.304999999997
2018-06-04 06:00:00,12253.906666666679
2018-06-04 09:00:00,14637.426666666655
2018-06-04 12:00:00,13191.106666666656
2018-06-04 15:00:00,9883.710000000001
2018-06-04 18:00:00,13207.743333333347
2018-06-04 21:00:00,8404.67333333333
2018-06-05 00:00:00,12742.980000000005
2018-06-05 03:00:00,5209.8600000000015
2018-06-05 06:00:00,14896.929999999993
2018-06-05 09:00:00,12678.999999999993
2018-06-05 12:00:00,13654.843333333349
2018-06-05 15:00:00,13678.573333333337
2018-06-05 18:00:00,14521.793333333351
2018-06-05 21:00:00,10015.52249999999
2018-06-06 00:00:00,17598.16333333335
2018-06-06 03:00:00,12523.893333333339
2018-06-06 06:00:00,10017.24666666668
2018-06-06 09:00:00,15096.543333333351
2018-06-06 12:00:00,12482.920000000015
2018-06-06 15:00:00,6151.363333333331
2018-06-06 18:00:00,6185.199999999998
2018-06-06 21:00:00,15058.136666666664
2018-06-07 00:00:00,12426.716666666664
2018-06-07 03:00:00,7863.545000000008
2018-06-07 06:00:00,14352.770000000008
2018-06-07 09:00:00,14508.08666666667
2018-06-07 12:00:00,17799.356666666677
2018-06-07 15:00:00,10912.420000000002
2018-06-07 18:00:00,10847.861666666668
2018-06-07 21:00:00,12532.046666666663
2018-06-08 00:00:00,9523.633333333339
2018-06-08 03:00:00,14856.763333333329
2018-06-08 06:00:00,13394.173333333341
2018-06-08 09:00:00,12340.09333333333
2018-06-08 12:00:00,11177.020000000011
2018-06-08 15:00:00,15125.143333333323
2018-06-08 18:00:00,10823.059999999989
2018-06-08 21:00:00,16000.266666666646
2018-06-09 00:00:00,12124.173333333332
2018-06-09 03:00:00,13328.169999999998
2018-06-09 06:00:00,13032.599999999979
2018-06-09 09:00:00,11739.673333333329
2018-06-09 12:00:00,10943.32333333333
2018-06-09 15:00:00,5338.710000000004
2018-06-09 18:00:00,6456.883333333327
2018-06-09 21:00:00,16099.323333333336
2018-06-10 00:00:00,14253.63666666668
2018-06-10 03:00:00,11926.600000000008
2018-06-10 06:00:00,7603.483333333329
2018-06-10 09:00:00,17050.059999999983
2018-06-10 12:00:00,10540.093333333334
2018-06-10 15:00:00,8893.453333333327
2018-06-10 18:00:00,5372.763333333331
2018-06-10 21:00:00,6603.746666666665
2018-06-11 00:00:00,10437.866666666674
2018-06-11 03:00:00,5207.306666666659
2018-06-11 06:00:00,13440.483333333335
2018-06-11 09:00:00,13406.70666666666
2018-06-11 12:00:00,3999.3133333333394
2018-06-11 15:00:00,15850.716666666656
2018-06-11 18:00:00,7057.216666666662
2018-06-11 21:00:00,19676.093333333334
2018-06-12 00:00:00,9536.388333333338
2018-06-12 03:00:00,17248.916666666664
2018-06-12 06:00:00,14582.433333333343
2018-06-12 09:00:00,9238.453333333335
2018-06-12 12:00:00,12033.55666666671
2018-06-12 15:00:00,8810.999999999998
2018-06-12 18:00:00,14286.640000000012
2018-06-12 21:00:00,11091.833333333325
2018-06-13 00:00:00,13054.023333333338
2018-06-13 03:00:00,12719.396666666673
2018-06-13 06:00:00,11052.699999999993
2018-06-13 09:00:00,8029.143333333337
2018-06-13 12:00:00,6650.346666666664
2018-06-13 15:00:00,2175.283333333336
2018-06-13 18:00:00,18030.92833333334
2018-06-13 21:00:00,14257.54333333333
2018-06-14 00:00:00,11379.343333333334
2018-06-14 03:00:00,7913.539999999993
2018-06-14 06:00:00,7363.69
2018-06-14 09:00:00,10432.623333333324
2018-06-14 12:00:00,13137.046666666667
2018-06-14 15:00:00,9499.900000000001
2018-06-14 18:00:00,13766.29666666668
2018-06-14 21:00:00,10598.53666666666
2018-06-15 00:00:00,13852.916666666672
2018-06-15 03:00:00,12945.949999999995
2018-06-15 06:00:00,12777.49333333334
2018-06-15 09:00:00,5509.933333333328
2018-06-15 12:00:00,8804.163333333338
2018-06-15 15:00:00,6643.023333333332
2018-06-15 18:00:00,11158.039999999997
2018-06-15 21:00:00,2966.089999999996
2018-06-16 00:00:00,7682.856666666663
2018-06-16 03:00:00,9822.899999999989
2018-06-16 06:00:00,13046.190000000008
2018-06-16 09:00:00,12720.093333333314
2018-06-16 12:00:00,12717.876666666667
2018-06-16 15:00:00,6860.7666666666755
2018-06-16 18:00:00,13795.66
2018-06-16 21:00:00,9877.60333333334
2018-06-17 00:00:00,9603.876666666674
2018-06-17 03:00:00,9131.246666666668
2018-06-17 06:00:00,4734.046666666666
2018-06-17 09:00:00,8521.806666666665
2018-06-17 12:00:00,13802.57666666667
2018-06-17 15:00:00,11480.069999999996
2018-06-17 18:00:00,5525.8333333333385
2018-06-17 21:00:00,9361.996666666666
2018-06-18 00:00:00,10871.893333333346
2018-06-18 03:00:00,7314.123333333329
2018-06-18 06:00:00,8632.213333333333
2018-06-18 09:00:00,7750.109999999986
2018-06-18 12:00:00,9188.090000000006
2018-06-18 15:00:00,15734.486666666675
2018-06-18 18:00:00,15949.900000000007
2018-06-18 21:00:00,13449.59333333333
2018-06-19 00:00:00,10616.556666666673
2018-06-19 03:00:00,1462.3700000000006
2018-06-19 06:00:00,14746.146666666677
2018-06-19 09:00:00,11826.996666666662
2018-06-19 12:00:00,8019.339999999999
2018-06-19 15:00:00,13388.440000000008
2018-06-19 18:00:00,9612.546666666656
2018-06-19 21:00:00,12594.90666666667
2018-06-20 00:00:00,9647.91833333333
2018-06-20 03:00:00,9127.856666666661
2018-06-20 06:00:00,4561.786666666667
2018-06-20 09:00:00,13299.100000000002
2018-06-20 12:00:00,15888.866666666663
2018-06-20 15:00:00,11169.575833333334
2018-06-20 18:00:00,6891.746666666666
2018-06-20 21:00:00,8989.030000000002
2018-06-21 00:00:00,12640.036666666672
2018-06-21 03:00:00,8456.879999999997
2018-06-21 06:00:00,19412.6
2018-06-21 09:00:00,13892.179999999993
2018-06-21 12:00:00,12831.37000000001
2018-06-21 15:00:00,12428.083333333328
2018-06-21 18:00:00,13340.334999999997
2018-06-21 21:00:00,12207.080000000002
2018-06-22 00:00:00,13101.003333333334
2018-06-22 03:00:00,11638.67
2018-06-22 06:00:00,15474.359999999988
2018-06-22 09:00:00,11885.366666666674
2018-06-22 12:00:00,19468.763333333336
2018-06-22 15:00:00,13752.713333333333
2018-06-22 18:00:00,12394.52
2018-06-22 21:00:00,18528.430000000008
2018-06-23 00:00:00,13915.19333333334
2018-06-23 03:00:00,13805.253333333323
2018-06-23 06:00:00,2932.096666666663
2018-06-23 09:00:00,1752.9733333333495
2018-06-23 12:00:00,16700.763333333336
2018-06-23 15:00:00,11219.466666666676
2018-06-23 18:00:00,11914.893333333339
2018-06-23 21:00:00,10419.863333333324
2018-06-24 00:00:00,9397.800000000003
2018-06-24 03:00:00,16451.86666666665
2018-06-24 06:00:00,8335.796666666676
2018-06-24 09:00:00,9796.416666666666
2018-06-24 12:00:00,14410.176666666668
2018-06-24 15:00:00,14724.146666666677
2018-06-24 18:00:00,15220.636666666669
2018-06-24 21:00:00,4255.830000000004
2018-06-25 00:00:00,15573.016666666665
2018-06-25 03:00:00,10189.376666666658
2018-06-25 06:00:00,10304.37666666668
2018-06-25 09:00:00,13315.276666666665
2018-06-25 12:00:00,10898.603333333325
2018-06-25 15:00:00,8556.96666666666
2018-06-25 18:00:00,5499.8666666666595
2018-06-25 21:00:00,9723.976666666664
2018-06-26 00:00:00,7966.919999999993
2018-06-26 03:00:00,11180.525833333333
2018-06-26 06:00:00,15994.269999999993
2018-06-26 09:00:00,11744.566666666668
2018-06-26 12:00:00,10910.606666666665
2018-06-26 15:00:00,3129.9600000000005
2018-06-26 18:00:00,13922.109999999997
2018-06-26 21:00:00,4971.730000000001
2018-06-27 00:00:00,10734.803333333311
2018-06-27 03:00:00,8879.980000000007
2018-06-27 06:00:00,13704.673333333338
2018-06-27 09:00:00,15711.26000000001
2018-06-27 12:00:00,1751.2133333333377
2018-06-27 15:00:00,9592.626666666662
2018-06-27 18:00:00,19130.083333333332
2018-06-27 21:00:00,10223.349999999993
2018-06-28 00:00:00,16117.679999999998
2018-06-28 03:00:00,6824.120000000004
2018-06-28 06:00:00,12514.77
2018-06-28 09:00:00,5831.436666666665
2018-06-28 12:00:00,14048.969999999974
2018-06-28 15:00:00,14621.176666666663
2018-06-28 18:00:00,12353.726666666666
2018-06-28 21:00:00,13143.293333333326
2018-06-29 00:00:00,9951.800000000008
2018-06-29 03:00:00,3907.866666666668
2018-06-29 06:00:00,11028.86666666667
2018-06-29 09:00:00,10482.346666666665
2018-06-29 12:00:00,14567.304999999991
2018-06-29 15:00:00,10751.520000000002
2018-06-29 18:00:00,13420.3
2018-06-29 21:00:00,11505.776666666667
2018-06-30 00:00:00,12867.296666666665
2018-06-30 03:00:00,13446.54999999999
2018-06-30 06:00:00,15008.14666666666
2018-06-30 09:00:00,1731.7999999999997
2018-06-30 12:00:00,8811.573333333337
2018-06-30 15:00:00,12908.646666666677
2018-06-30 18:00:00,12689.036666666665
2018-06-30 21:00:00,10264.969999999994
2018-07-01 00:00:00,4426.659999999994
2018-07-01 03:00:00,15151.23333333332
2018-07-01 06:00:00,7598.133333333326
2018-07-01 09:00:00,13352.653333333335
2018-07-01 12:00:00,12866.543333333328
2018-07-01 15:00:00,6971.446666666665
2018-07-01 18:00:00,3795.4666666666576
2018-07-01 21:00:00,2716.6000000000017
2018-07-02 00:00:00,6678.783333333331
2018-07-02 03:00:00,14334.443333333309
2018-07-02 06:00:00,14440.313333333332
2018-07-02 09:00:00,11358.710000000003
2018-07-02 12:00:00,12060.510000000007
2018-07-02 15:00:00,15801.486666666662
2018-07-02 18:00:00,8324.949166666662
2018-07-02 21:00:00,13272.780000000026
2018-07-03 00:00:00,13470.429999999998
2018-07-03 03:00:00,8035.064999999999
2018-07-03 06:00:00,11270.479999999972
2018-07-03 09:00:00,15957.013333333314
2018-07-03 12:00:00,14381.33000000001
2018-07-03 15:00:00,14018.696666666681
2018-07-03 18:00:00,5782.519999999994
2018-07-03 21:00:00,10936.186666666677
2018-07-04 00:00:00,10032.54
2018-07-04 03:00:00,12512.723333333326
2018-07-04 06:00:00,18913.726666666655
2018-07-04 09:00:00,14158.099999999988
2018-07-04 12:00:00,10334.010000000002
2018-07-04 15:00:00,9119.843333333329
2018-07-04 18:00:00,13046.533333333316
2018-07-04 21:00:00,5563.37
2018-07-05 00:00:00,11269.403333333323
2018-07-05 03:00:00,3902.146666666667
2018-07-05 06:00:00,7860.0866666666725
2018-07-05 09:00:00,9434.436666666654
2018-07-05 12:00:00,6771.589999999991
2018-07-05 15:00:00,10742.053333333339
2018-07-05 18:00:00,6433.876666666677
2018-07-05 21:00:00,15988.646666666675
2018-07-06 00:00:00,14069.856666666656
2018-07-06 03:00:00,18151.673333333325
2018-07-06 06:00:00,14084.876666666676
2018-07-06 09:00:00,11497.133333333351
2018-07-06 12:00:00,13847.619999999995
2018-07-06 15:00:00,13711.230000000003
2018-07-06 18:00:00,8322.437500000005
2018-07-06 21:00:00,11223.233333333339
2018-07-07 00:00:00,7788.483333333333
2018-07-07 03:00:00,16255.253333333329
2018-07-07 06:00:00,5701.95
2018-07-07 09:00:00,14233.200000000003
2018-07-07 12:00:00,9165.656666666666
2018-07-07 15:00:00,11642.76666666668
2018-07-07 18:00:00,12840.373333333324
2018-07-07 21:00:00,11865.236666666666
2018-07-08 00:00:00,9590.01166666667
2018-07-08 03:00:00,12531.533333333324
2018-07-08 06:00:00,8361.676666666657
2018-07-08 09:00:00,13891.899999999981
2018-07-08 12:00:00,11085.973333333326
2018-07-08 15:00:00,9869.12333333334
2018-07-08 18:00:00,11471.643333333326
2018-07-08 21:00:00,13003.373333333337
2018-07-09 00:00:00,8362.88999999999
2018-07-09 03:00:00,5907.986666666671
2018-07-09 06:00:00,14791.7
2018-07-09 09:00:00,14959.943333333333
2018-07-09 12:00:00,10605.460000000003
2018-07-09 15:00:00,12153.446666666661
2018-07-09 18:00:00,13480.376666666672
2018-07-09 21:00:00,13124.626666666658
2018-07-10 00:00:00,14694.275000000007
2018-07-10 03:00:00,12494.410000000005
2018-07-10 06:00:00,7812.270000000002
2018-07-10 09:00:00,13015.516666666663
2018-07-10 12:00:00,7735.573333333335
2018-07-10 15:00:00,13906.178333333337
2018-07-10 18:00:00,10417.313333333344
2018-07-10 21:00:00,14113.676666666677
2018-07-11 00:00:00,8227.46666666667
2018-07-11 03:00:00,7322.833333333328
2018-07-11 06:00:00,10401.479999999983
2018-07-11 09:00:00,12889.076666666651
2018-07-11 12:00:00,10054.613333333347
2018-07-11 15:00:00,12044.436666666646
2018-07-11 18:00:00,14546.373333333326
2018-07-11 21:00:00,7617.229166666664
2018-07-12 00:00:00,3494.733333333339
2018-07-12 03:00:00,12550.936666666677
2018-07-12 06:00:00,13466.416666666684
2018-07-12 09:00:00,7891.489999999994
2018-07-12 12:00:00,15206.180000000015
2018-07-12 15:00:00,7359.473333333323
2018-07-12 18:00:00,10795.283333333335
2018-07-12 21:00:00,10885.12
2018-07-13 00:00:00,10970.756666666684
2018-07-13 03:00:00,2240.939999999997
2018-07-13 06:00:00,5831.125
2018-07-13 09:00:00,8497.183333333314
2018-07-13 12:00:00,13630.273333333358
2018-07-13 15:00:00,10329.606666666687
2018-07-13 18:00:00,8958.03999999999
2018-07-13 21:00:00,14957.81000000003
2018-07-14 00:00:00,13313.653333333332
2018-07-14 03:00:00,6384.723333333339
2018-07-14 06:00:00,10997.759999999993
2018-07-14 09:00:00,5048.063333333335
2018-07-14 12:00:00,10553.60666666667
2018-07-14 15:00:00,6867.476666666666
2018-07-14 18:00:00,17215.086666666673
2018-07-14 21:00:00,3787.646666666668
2018-07-15 00:00:00,15128.080000000007
2018-07-15 03:00:00,6143.760000000009
2018-07-15 06:00:00,12119.70333333332
2018-07-15 09:00:00,7139.849999999995
2018-07-15 12:00:00,4273.169999999995
2018-07-15 15:00:00,12968.446666666661
2018-07-15 18:00:00,13283.963333333344
2018-07-15 21:00:00,12992.806666666665
2018-07-16 00:00:00,9207.016666666668
2018-07-16 03:00:00,13008.91
2018-07-16 06:00:00,5608.446666666656
2018-07-16 09:00:00,10739.213333333328
2018-07-16 12:00:00,11619.903333333335
2018-07-16 15:00:00,13388.411666666667
2018-07-16 18:00:00,10092.098333333342
2018-07-16 21:00:00,16155.886666666667
2018-07-17 00:00:00,9823.526666666674
2018-07-17 03:00:00,11757.470000000005
2018-07-17 06:00:00,14533.686666666687
2018-07-17 09:00:00,5423.610000000002
2018-07-17 12:00:00,167.14333333334005
2018-07-17 15:00:00,11414.699999999997
2018-07-17 18:00:00,11048.00666666667
2018-07-17 21:00:00,10923.59666666666
2018-07-18 00:00:00,12637.44333333333
2018-07-18 03:00:00,6059.083333333325
2018-07-18 06:00:00,6706.576666666668
2018-07-18 09:00:00,11477.276666666661
2018-07-18 12:00:00,12471.34666666668
2018-07-18 15:00:00,10924.776666666665
2018-07-18 18:00:00,14147.703333333337
2018-07-18 21:00:00,16438.84999999999
2018-07-19 00:00:00,8833.469999999996
2018-07-19 03:00:00,15399.461666666664
2018-07-19 06:00:00,524.0933333333259
2018-07-19 09:00:00,14932.216666666665
2018-07-19 12:00:00,14029.653333333337
2018-07-19 15:00:00,10364.14666666667
2018-07-19 18:00:00,13025.179999999998
2018-07-19 21:00:00,8120.446666666667
2018-07-20 00:00:00,9949.91666666666
2018-07-20 03:00:00,13879.249999999982
2018-07-20 06:00:00,15519.05
2018-07-20 09:00:00,11302.57
2018-07-20 12:00:00,9065.456666666663
2018-07-20 15:00:00,7682.903333333346
2018-07-20 18:00:00,4873.03
2018-07-20 21:00:00,6989.530000000002
2018-07-21 00:00:00,15804.586666666668
2018-07-21 03:00:00,10639.429999999982
2018-07-21 06:00:00,7083.413333333346
2018-07-21 09:00:00,8519.066666666675
2018-07-21 12:00:00,6023.573333333333
2018-07-21 15:00:00,4161.456666666672
2018-07-21 18:00:00,9631.50333333333
2018-07-21 21:00:00,8999.56000000001
2018-07-22 00:00:00,12025.336666666675
2018-07-22 03:00:00,16767.89000000001
2018-07-22 06:00:00,15548.216666666664
2018-07-22 09:00:00,5872.450000000001
2018-07-22 12:00:00,5916.726666666672
2018-07-22 15:00:00,12040.726666666675
2018-07-22 18:00:00,12033.436666666677
2018-07-22 21:00:00,12468.596666666652
2018-07-23 00:00:00,1882.2966666666634
2018-07-23 03:00:00,10233.869999999994
2018-07-23 06:00:00,14314.026666666663
2018-07-23 09:00:00,1172.103333333336
2018-07-23 12:00:00,11607.70333333335
2018-07-23 15:00:00,13434.143333333319
2018-07-23 18:00:00,8398.300000000005
2018-07-23 21:00:00,8559.400000000003
2018-07-24 00:00:00,8104.506666666667
2018-07-24 03:00:00,12709.393333333335
2018-07-24 06:00:00,13963.520000000013
2018-07-24 09:00:00,7647.346666666658
2018-07-24 12:00:00,15020.126666666663
2018-07-24 15:00:00,11054.983333333332
2018-07-24 18:00:00,6590.160000000006
2018-07-24 21:00:00,17581.49000000001
2018-07-25 00:00:00,6533.285000000007
2018-07-25 03:00:00,10679.700000000003
2018-07-25 06:00:00,2126.7400000000066
2018-07-25 09:00:00,8417.719999999994
2018-07-25 12:00:00,14285.329999999998
2018-07-25 15:00:00,4598.799999999999
2018-07-25 18:00:00,16582.40999999999
2018-07-25 21:00:00,7865.086666666656
2018-07-26 00:00:00,7284.188333333337
2018-07-26 03:00:00,13981.726666666667
2018-07-26 06:00:00,14641.886666666665
2018-07-26 09:00:00,9907.256666666663
2018-07-26 12:00:00,4172.361666666663
2018-07-26 15:00:00,12180.49333333332
2018-07-26 18:00:00,16548.786666666667
2018-07-26 21:00:00,8232.433333333329
2018-07-27 00:00:00,19167.016666666674
2018-07-27 03:00:00,15795.55000000001
2018-07-27 06:00:00,6063.093333333329
2018-07-27 09:00:00,8520.346666666655
2018-07-27 12:00:00,16279.813333333328
2018-07-27 15:00:00,12989.540000000019
2018-07-27 18:00:00,962.04666666667
2018-07-27 21:00:00,10777.163333333321
2018-07-28 00:00:00,14746.709999999994
2018-07-28 03:00:00,15843.466666666673
2018-07-28 06:00:00,16282.026666666681
2018-07-28 09:00:00,12761.193333333333
2018-07-28 12:00:00,9458.259999999997
2018-07-28 15:00:00,5637.5766666666495
2018-07-28 18:00:00,9484.843333333332
2018-07-28 21:00:00,11248.296666666658
2018-07-29 00:00:00,8312.603333333336
2018-07-29 03:00:00,6203.675833333336
2018-07-29 06:00:00,8473.275000000001
2018-07-29 09:00:00,8477.886666666667
2018-07-29 12:00:00,14497.973333333339
2018-07-29 15:00:00,13059.033333333327
2018-07-29 18:00:00,6862.083333333331
2018-07-29 21:00:00,5940.976666666656
2018-07-30 00:00:00,10595.380000000003
2018-07-30 03:00:00,10110.459999999994
2018-07-30 06:00:00,19176.179999999986
2018-07-30 09:00:00,8412.296666666665
2018-07-30 12:00:00,19804.11666666667
2018-07-30 15:00:00,5364.470000000007
2018-07-30 18:00:00,8782.6
2018-07-30 21:00:00,13319.203333333327
2018-07-31 00:00:00,10024.28
2018-07-31 03:00:00,1193.773333333333
2018-07-31 06:00:00,14391.653333333335
2018-07-31 09:00:00,15138.020000000008
2018-07-31 12:00:00,9598.683333333318
2018-07-31 15:00:00,16072.589999999984
2018-07-31 18:00:00,12997.620000000003
2018-07-31 21:00:00,14692.10000000001
2018-08-01 00:00:00,12898.766666666668
2018-08-01 03:00:00,11462.07999999999
2018-08-01 06:00:00,12816.553333333344
2018-08-01 09:00:00,14271.181666666667
2018-08-01 12:00:00,14861.82666666667
2018-08-01 15:00:00,15500.743333333341
2018-08-01 18:00:00,15009.68666666668
2018-08-01 21:00:00,13491.143333333346
2018-08-02 00:00:00,11632.826666666662
2018-08-02 03:00:00,12417.583333333336
2018-08-02 06:00:00,11793.283333333327
2018-08-02 09:00:00,12953.82333333334
2018-08-02 12:00:00,7576.666666666671
2018-08-02 15:00:00,12912.536666666647
2018-08-02 18:00:00,9643.88666666668
2018-08-02 21:00:00,14358.070000000005
2018-08-03 00:00:00,10159.94000000001
2018-08-03 03:00:00,9231.349999999997
2018-08-03 06:00:00,10623.769999999982
2018-08-03 09:00:00,11304.570000000012
2018-08-03 12:00:00,11048.23666666666
2018-08-03 15:00:00,5347.670000000002
2018-08-03 18:00:00,11259.466666666653
2018-08-03 21:00:00,6342.4266666666745
2018-08-04 00:00:00,14903.16333333333
2018-08-04 03:00:00,10362.083333333341
2018-08-04 06:00:00,5513.98333333333
2018-08-04 09:00:00,11603.669999999993
2018-08-04 12:00:00,14726.636666666649
2018-08-04 15:00:00,4541.369999999999
2018-08-04 18:00:00,7374.693333333316
2018-08-04 21:00:00,12184.59333333334
2018-08-05 00:00:00,7506.626666666682
2018-08-05 03:00:00,14332.676666666663
2018-08-05 06:00:00,5299.883333333335
2018-08-05 09:00:00,10734.626666666667
2018-08-05 12:00:00,7110.206666666672
2018-08-05 15:00:00,11716.940000000002
2018-08-05 18:00:00,16042.19666666665
2018-08-05 21:00:00,12246.54333333333
2018-08-06 00:00:00,12518.816666666675
2018-08-06 03:00:00,11306.406666666668
2018-08-06 06:00:00,10007.436666666657
2018-08-06 09:00:00,11570.136666666673
2018-08-06 12:00:00,14468.443333333336
2018-08-06 15:00:00,5031.676666666666
2018-08-06 18:00:00,13415.44333333333
2018-08-06 21:00:00,15020.006666666663
2018-08-07 00:00:00,14245.253333333334
2018-08-07 03:00:00,11365.930000000011
2018-08-07 06:00:00,7032.279999999993
2018-08-07 09:00:00,9940.229999999992
2018-08-07 12:00:00,5393.816666666665
2018-08-07 15:00:00,6052.243333333334
2018-08-07 18:00:00,12676.933333333327
2018-08-07 21:00:00,9058.136666666675
2018-08-08 00:00:00,7519.709999999999
2018-08-08 03:00:00,
2018-08-08 06:00:00,
2018-08-08 09:00:00,
2018-08-08 12:00:00,
2018-08-08 15:00:00,
2018-08-08 18:00:00,
2018-08-08 21:00:00,
2018-08-09 00:00:00,
2018-08-09 03:00:00,
2018-08-09 06:00:00,
2018-08-09 09:00:00,
2018-08-09 12:00:00,
2018-08-09 15:00:00,
2018-08-09 18:00:00,
2018-08-09 21:00:00,
2018-08-10 00:00:00,
2018-08-10 03:00:00,
2018-08-10 06:00:00,
2018-08-10 09:00:00,
2018-08-10 12:00:00,
2018-08-10 15:00:00,
2018-08-10 18:00:00,
2018-08-10 21:00:00,
2018-08-11 00:00:00,
2018-08-11 03:00:00,
2018-08-11 06:00:00,
2018-08-11 09:00:00,
2018-08-11 12:00:00,
2018-08-11 15:00:00,
2018-08-11 18:00:00,
2018-08-11 21:00:00,
2018-08-12 00:00:00,
2018-08-12 03:00:00,
2018-08-12 06:00:00,
2018-08-12 09:00:00,
2018-08-12 12:00:00,
2018-08-12 15:00:00,
2018-08-12 18:00:00,
2018-08-12 21:00:00,
2018-08-13 00:00:00,
2018-08-13 03:00:00,
2018-08-13 06:00:00,
2018-08-13 09:00:00,
2018-08-13 12:00:00,
2018-08-13 15:00:00,
2018-08-13 18:00:00,
2018-08-13 21:00:00,
2018-08-14 00:00:00,
2018-08-14 03:00:00,
2018-08-14 06:00:00,
2018-08-14 09:00:00,
2018-08-14 12:00:00,
2018-08-14 15:00:00,
2018-08-14 18:00:00,
2018-08-14 21:00:00,
2018-08-15 00:00:00,
2018-08-15 03:00:00,
2018-08-15 06:00:00,
2018-08-15 09:00:00,
2018-08-15 12:00:00,
2018-08-15 15:00:00,
2018-08-15 18:00:00,
2018-08-15 21:00:00,
2018-08-16 00:00:00,
2018-08-16 03:00:00,
2018-08-16 06:00:00,
2018-08-16 09:00:00,
2018-08-16 12:00:00,
2018-08-16 15:00:00,
2018-08-16 18:00:00,
2018-08-16 21:00:00,
2018-08-17 00:00:00,
2018-08-17 03:00:00,
2018-08-17 06:00:00,
2018-08-17 09:00:00,
2018-08-17 12:00:00,
2018-08-17 15:00:00,
2018-08-17 18:00:00,
2018-08-17 21:00:00,
2018-08-18 00:00:00,
2018-08-18 03:00:00,
2018-08-18 06:00:00,
2018-08-18 09:00:00,
2018-08-18 12:00:00,
2018-08-18 15:00:00,
2018-08-18 18:00:00,
2018-08-18 21:00:00,
2018-08-19 00:00:00,
2018-08-19 03:00:00,
2018-08-19 06:00:00,
2018-08-19 09:00:00,
2018-08-19 12:00:00,
2018-08-19 15:00:00,
2018-08-19 18:00:00,
2018-08-19 21:00:00,
2018-08-20 00:00:00,
2018-08-20 03:00:00,
2018-08-20 06:00:00,
2018-08-20 09:00:00,
2018-08-20 12:00:00,
2018-08-20 15:00:00,
2018-08-20 18:00:00,
2018-08-20 21:00:00,
2018-08-21 00:00:00,
2018-08-21 03:00:00,
2018-08-21 06:00:00,
2018-08-21 09:00:00,
2018-08-21 12:00:00,
2018-08-21 15:00:00,
2018-08-21 18:00:00,
2018-08-21 21:00:00,
2018-08-22 00:00:00,
2018-08-22 03:00:00,
2018-08-22 06:00:00,
2018-08-22 09:00:00,
2018-08-22 12:00:00,
2018-08-22 15:00:00,
2018-08-22 18:00:00,
2018-08-22 21:00:00,
2018-08-23 00:00:00,
2018-08-23 03:00:00,
2018-08-23 06:00:00,
2018-08-23 09:00:00,
2018-08-23 12:00:00,
2018-08-23 15:00:00,
2018-08-23 18:00:00,
2018-08-23 21:00:00,
2018-08-24 00:00:00,
2018-08-24 03:00:00,
2018-08-24 06:00:00,
2018-08-24 09:00:00,
2018-08-24 12:00:00,
2018-08-24 15:00:00,
2018-08-24 18:00:00,
2018-08-24 21:00:00,
2018-08-25 00:00:00,
2018-08-25 03:00:00,
2018-08-25 06:00:00,
2018-08-25 09:00:00,
2018-08-25 12:00:00,
2018-08-25 15:00:00,
2018-08-25 18:00:00,
2018-08-25 21:00:00,
2018-08-26 00:00:00,
2018-08-26 03:00:00,
2018-08-26 06:00:00,
2018-08-26 09:00:00,
2018-08-26 12:00:00,
2018-08-26 15:00:00,
2018-08-26 18:00:00,
2018-08-26 21:00:00,
2018-08-27 00:00:00,
2018-08-27 03:00:00,
2018-08-27 06:00:00,
2018-08-27 09:00:00,
2018-08-27 12:00:00,
2018-08-27 15:00:00,
2018-08-27 18:00:00,
2018-08-27 21:00:00,
2018-08-28 00:00:00,
2018-08-28 03:00:00,
2018-08-28 06:00:00,
2018-08-28 09:00:00,
2018-08-28 12:00:00,
2018-08-28 15:00:00,
2018-08-28 18:00:00,
2018-08-28 21:00:00,
2018-08-29 00:00:00,
2018-08-29 03:00:00,
2018-08-29 06:00:00,
2018-08-29 09:00:00,
2018-08-29 12:00:00,
2018-08-29 15:00:00,
2018-08-29 18:00:00,
2018-08-29 21:00:00,
2018-08-30 00:00:00,
2018-08-30 03:00:00,
2018-08-30 06:00:00,
2018-08-30 09:00:00,
2018-08-30 12:00:00,
2018-08-30 15:00:00,
2018-08-30 18:00:00,
2018-08-30 21:00:00,
2018-08-31 00:00:00,
2018-08-31 03:00:00,
2018-08-31 06:00:00,
2018-08-31 09:00:00,
2018-08-31 12:00:00,
2018-08-31 15:00:00,
2018-08-31 18:00:00,
2018-08-31 21:00:00,
2018-09-01 00:00:00,
2018-09-01 03:00:00,
2018-09-01 06:00:00,
2018-09-01 09:00:00,
2018-09-01 12:00:00,
2018-09-01 15:00:00,
2018-09-01 18:00:00,
2018-09-01 21:00:00,
2018-09-02 00:00:00,
2018-09-02 03:00:00,
2018-09-02 06:00:00,
2018-09-02 09:00:00,
2018-09-02 12:00:00,
2018-09-02 15:00:00,
2018-09-02 18:00:00,
2018-09-02 21:00:00,
2018-09-03 00:00:00,
2018-09-03 03:00:00,
2018-09-03 06:00:00,
2018-09-03 09:00:00,
2018-09-03 12:00:00,
2018-09-03 15:00:00,
2018-09-03 18:00:00,
2018-09-03 21:00:00,
2018-09-04 00:00:00,
2018-09-04 03:00:00,
2018-09-04 06:00:00,
2018-09-04 09:00:00,
2018-09-04 12:00:00,
2018-09-04 15:00:00,
2018-09-04 18:00:00,
2018-09-04 21:00:00,
2018-09-05 00:00:00,
2018-09-05 03:00:00,
2018-09-05 06:00:00,
2018-09-05 09:00:00,
2018-09-05 12:00:00,
2018-09-05 15:00:00,
2018-09-05 18:00:00,
2018-09-05 21:00:00,
2018-09-06 00:00:00,
2018-09-06 03:00:00,
2018-09-06 06:00:00,
2018-09-06 09:00:00,
2018-09-06 12:00:00,
2018-09-06 15:00:00,
2018-09-06 18:00:00,
2018-09-06 21:00:00,
2018-09-07 00:00:00,
2018-09-07 03:00:00,
2018-09-07 06:00:00,
2018-09-07 09:00:00,
2018-09-07 12:00:00,
2018-09-07 15:00:00,
2018-09-07 18:00:00,
2018-09-07 21:00:00,
2018-09-08 00:00:00,
2018-09-08 03:00:00,
2018-09-08 06:00:00,
2018-09-08 09:00:00,
2018-09-08 12:00:00,
2018-09-08 15:00:00,
2018-09-08 18:00:00,
2018-09-08 21:00:00,
2018-09-09 00:00:00,
2018-09-09 03:00:00,
2018-09-09 06:00:00,
2018-09-09 09:00:00,
2018-09-09 12:00:00,
2018-09-09 15:00:00,
2018-09-09 18:00:00,
2018-09-09 21:00:00,
2018-09-10 00:00:00,
2018-09-10 03:00:00,
2018-09-10 06:00:00,
2018-09-10 09:00:00,
2018-09-10 12:00:00,
2018-09-10 15:00:00,
2018-09-10 18:00:00,
2018-09-10 21:00:00,
2018-09-11 00:00:00,
2018-09-11 03:00:00,
2018-09-11 06:00:00,
2018-09-11 09:00:00,
2018-09-11 12:00:00,
2018-09-11 15:00:00,
2018-09-11 18:00:00,
2018-09-11 21:00:00,
2018-09-12 00:00:00,
2018-09-12 03:00:00,
2018-09-12 06:00:00,
2018-09-12 09:00:00,
2018-09-12 12:00:00,
2018-09-12 15:00:00,
2018-09-12 18:00:00,
2018-09-12 21:00:00,
2018-09-13 00:00:00,
2018-09-13 03:00:00,
2018-09-13 06:00:00,
2018-09-13 09:00:00,
2018-09-13 12:00:00,
2018-09-13 15:00:00,
2018-09-13 18:00:00,
2018-09-13 21:00:00,
2018-09-14 00:00:00,
2018-09-14 03:00:00,
2018-09-14 06:00:00,
2018-09-14 09:00:00,
2018-09-14 12:00:00,
2018-09-14 15:00:00,
2018-09-14 18:00:00,
2018-09-14 21:00:00,
2018-09-15 00:00:00,
2018-09-15 03:00:00,
2018-09-15 06:00:00,
2018-09-15 09:00:00,
2018-09-15 12:00:00,
2018-09-15 15:00:00,
2018-09-15 18:00:00,
2018-09-15 21:00:00,
2018-09-16 00:00:00,
2018-09-16 03:00:00,
2018-09-16 06:00:00,
2018-09-16 09:00:00,
2018-09-16 12:00:00,
2018-09-16 15:00:00,
2018-09-16 18:00:00,
2018-09-16 21:00:00,
2018-09-17 00:00:00,
2018-09-17 03:00:00,
2018-09-17 06:00:00,
2018-09-17 09:00:00,
2018-09-17 12:00:00,
2018-09-17 15:00:00,
2018-09-17 18:00:00,
2018-09-17 21:00:00,
2018-09-18 00:00:00,
2018-09-18 03:00:00,
2018-09-18 06:00:00,
2018-09-18 09:00:00,
2018-09-18 12:00:00,
2018-09-18 15:00:00,
2018-09-18 18:00:00,
2018-09-18 21:00:00,
2018-09-19 00:00:00,
2018-09-19 03:00:00,
2018-09-19 06:00:00,
2018-09-19 09:00:00,
2018-09-19 12:00:00,
2018-09-19 15:00:00,
2018-09-19 18:00:00,
2018-09-19 21:00:00,
2018-09-20 00:00:00,
2018-09-20 03:00:00,
2018-09-20 06:00:00,
2018-09-20 09:00:00,
2018-09-20 12:00:00,
2018-09-20 15:00:00,
2018-09-20 18:00:00,
2018-09-20 21:00:00,
2018-09-21 00:00:00,
2018-09-21 03:00:00,
2018-09-21 06:00:00,
2018-09-21 09:00:00,
2018-09-21 12:00:00,
2018-09-21 15:00:00,
2018-09-21 18:00:00,
2018-09-21 21:00:00,
2018-09-22 00:00:00,
2018-09-22 03:00:00,
2018-09-22 06:00:00,
2018-09-22 09:00:00,
2018-09-22 12:00:00,
2018-09-22 15:00:00,
2018-09-22 18:00:00,
2018-09-22 21:00:00,
2018-09-23 00:00:00,
2018-09-23 03:00:00,
2018-09-23 06:00:00,
2018-09-23 09:00:00,
2018-09-23 12:00:00,
2018-09-23 15:00:00,
2018-09-23 18:00:00,
2018-09-23 21:00:00,
2018-09-24 00:00:00,
2018-09-24 03:00:00,
2018-09-24 06:00:00,
2018-09-24 09:00:00,
2018-09-24 12:00:00,
2018-09-24 15:00:00,
2018-09-24 18:00:00,
2018-09-24 21:00:00,
2018-09-25 00:00:00,
2018-09-25 03:00:00,
2018-09-25 06:00:00,
2018-09-25 09:00:00,
2018-09-25 12:00:00,
2018-09-25 15:00:00,
2018-09-25 18:00:00,
2018-09-25 21:00:00,
2018-09-26 00:00:00,
2018-09-26 03:00:00,
2018-09-26 06:00:00,
2018-09-26 09:00:00,
2018-09-26 12:00:00,
2018-09-26 15:00:00,
2018-09-26 18:00:00,
2018-09-26 21:00:00,
2018-09-27 00:00:00,
2018-09-27 03:00:00,
2018-09-27 06:00:00,
2018-09-27 09:00:00,
2018-09-27 12:00:00,
2018-09-27 15:00:00,
2018-09-27 18:00:00,
2018-09-27 21:00:00,
2018-09-28 00:00:00,
2018-09-28 03:00:00,
2018-09-28 06:00:00,
2018-09-28 09:00:00,
2018-09-28 12:00:00,
2018-09-28 15:00:00,
2018-09-28 18:00:00,
2018-09-28 21:00:00,
2018-09-29 00:00:00,
2018-09-29 03:00:00,
2018-09-29 06:00:00,
2018-09-29 09:00:00,
2018-09-29 12:00:00,
2018-09-29 15:00:00,
2018-09-29 18:00:00,
2018-09-29 21:00:00,
2018-09-30 00:00:00,
2018-09-30 03:00:00,
2018-09-30 06:00:00,
2018-09-30 09:00:00,
2018-09-30 12:00:00,
2018-09-30 15:00:00,
2018-09-30 18:00:00,
2018-09-30 21:00:00,
2018-10-01 00:00:00,
2018-10-01 03:00:00,
2018-10-01 06:00:00,
2018-10-01 09:00:00,
2018-10-01 12:00:00,
2018-10-01 15:00:00,
2018-10-01 18:00:00,
2018-10-01 21:00:00,
2018-10-02 00:00:00,
2018-10-02 03:00:00,
2018-10-02 06:00:00,
2018-10-02 09:00:00,
2018-10-02 12:00:00,
2018-10-02 15:00:00,
2018-10-02 18:00:00,
2018-10-02 21:00:00,
2018-10-03 00:00:00,
2018-10-03 03:00:00,
2018-10-03 06:00:00,
2018-10-03 09:00:00,
2018-10-03 12:00:00,
2018-10-03 15:00:00,
2018-10-03 18:00:00,
2018-10-03 21:00:00,
2018-10-04 00:00:00,
2018-10-04 03:00:00,
2018-10-04 06:00:00,
2018-10-04 09:00:00,
2018-10-04 12:00:00,
2018-10-04 15:00:00,
2018-10-04 18:00:00,
2018-10-04 21:00:00,
2018-10-05 00:00:00,
2018-10-05 03:00:00,
2018-10-05 06:00:00,
2018-10-05 09:00:00,
2018-10-05 12:00:00,
2018-10-05 15:00:00,
2018-10-05 18:00:00,
2018-10-05 21:00:00,
2018-10-06 00:00:00,
2018-10-06 03:00:00,
2018-10-06 06:00:00,
2018-10-06 09:00:00,
2018-10-06 12:00:00,
2018-10-06 15:00:00,
2018-10-06 18:00:00,
2018-10-06 21:00:00,
2018-10-07 00:00:00,
2018-10-07 03:00:00,
2018-10-07 06:00:00,
2018-10-07 09:00:00,
2018-10-07 12:00:00,
2018-10-07 15:00:00,
2018-10-07 18:00:00,
2018-10-07 21:00:00,
2018-10-08 00:00:00,
2018-10-08 03:00:00,
2018-10-08 06:00:00,
2018-10-08 09:00:00,
2018-10-08 12:00:00,
2018-10-08 15:00:00,
2018-10-08 18:00:00,
2018-10-08 21:00:00,
2018-10-09 00:00:00,
2018-10-09 03:00:00,
2018-10-09 06:00:00,
2018-10-09 09:00:00,
2018-10-09 12:00:00,
2018-10-09 15:00:00,
2018-10-09 18:00:00,
2018-10-09 21:00:00,
2018-10-10 00:00:00,
2018-10-10 03:00:00,
2018-10-10 06:00:00,
2018-10-10 09:00:00,
2018-10-10 12:00:00,
2018-10-10 15:00:00,
2018-10-10 18:00:00,
2018-10-10 21:00:00,
2018-10-11 00:00:00,
2018-10-11 03:00:00,
2018-10-11 06:00:00,
2018-10-11 09:00:00,
2018-10-11 12:00:00,
2018-10-11 15:00:00,
2018-10-11 18:00:00,
2018-10-11 21:00:00,
2018-10-12 00:00:00,
2018-10-12 03:00:00,
2018-10-12 06:00:00,
2018-10-12 09:00:00,
2018-10-12 12:00:00,
2018-10-12 15:00:00,
2018-10-12 18:00:00,
2018-10-12 21:00:00,
2018-10-13 00:00:00,
2018-10-13 03:00:00,
2018-10-13 06:00:00,
2018-10-13 09:00:00,
2018-10-13 12:00:00,
2018-10-13 15:00:00,
2018-10-13 18:00:00,
2018-10-13 21:00:00,
2018-10-14 00:00:00,
2018-10-14 03:00:00,
2018-10-14 06:00:00,
2018-10-14 09:00:00,
2018-10-14 12:00:00,
2018-10-14 15:00:00,
2018-10-14 18:00:00,
2018-10-14 21:00:00,
2018-10-15 00:00:00,
2018-10-15 03:00:00,
2018-10-15 06:00:00,
2018-10-15 09:00:00,
2018-10-15 12:00:00,
2018-10-15 15:00:00,
2018-10-15 18:00:00,
2018-10-15 21:00:00,
2018-10-16 00:00:00,
2018-10-16 03:00:00,
2018-10-16 06:00:00,
2018-10-16 09:00:00,
2018-10-16 12:00:00,
2018-10-16 15:00:00,
2018-10-16 18:00:00,
2018-10-16 21:00:00,
2018-10-17 00:00:00,
2018-10-17 03:00:00,
2018-10-17 06:00:00,
2018-10-17 09:00:00,
2018-10-17 12:00:00,
2018-10-17 15:00:00,
2018-10-17 18:00:00,
2018-10-17 21:00:00,
2018-10-18 00:00:00,
2018-10-18 03:00:00,
2018-10-18 06:00:00,
2018-10-18 09:00:00,
2018-10-18 12:00:00,
2018-10-18 15:00:00,
2018-10-18 18:00:00,
2018-10-18 21:00:00,
2018-10-19 00:00:00,
2018-10-19 03:00:00,
2018-10-19 06:00:00,
2018-10-19 09:00:00,
2018-10-19 12:00:00,
2018-10-19 15:00:00,
2018-10-19 18:00:00,
2018-10-19 21:00:00,
2018-10-20 00:00:00,
2018-10-20 03:00:00,
2018-10-20 06:00:00,
2018-10-20 09:00:00,
2018-10-20 12:00:00,
2018-10-20 15:00:00,
2018-10-20 18:00:00,
2018-10-20 21:00:00,
2018-10-21 00:00:00,
2018-10-21 03:00:00,
2018-10-21 06:00:00,
2018-10-21 09:00:00,
2018-10-21 12:00:00,
2018-10-21 15:00:00,
2018-10-21 18:00:00,
2018-10-21 21:00:00,
2018-10-22 00:00:00,
2018-10-22 03:00:00,
2018-10-22 06:00:00,
2018-10-22 09:00:00,
2018-10-22 12:00:00,
2018-10-22 15:00:00,
2018-10-22 18:00:00,
2018-10-22 21:00:00,
2018-10-23 00:00:00,
2018-10-23 03:00:00,
2018-10-23 06:00:00,
2018-10-23 09:00:00,
2018-10-23 12:00:00,
2018-10-23 15:00:00,
2018-10-23 18:00:00,
2018-10-23 21:00:00,
2018-10-24 00:00:00,
2018-10-24 03:00:00,
2018-10-24 06:00:00,
2018-10-24 09:00:00,
2018-10-24 12:00:00,
2018-10-24 15:00:00,
2018-10-24 18:00:00,
2018-10-24 21:00:00,
2018-10-25 00:00:00,
2018-10-25 03:00:00,
2018-10-25 06:00:00,
2018-10-25 09:00:00,
2018-10-25 12:00:00,
2018-10-25 15:00:00,
2018-10-25 18:00:00,
2018-10-25 21:00:00,
2018-10-26 00:00:00,
2018-10-26 03:00:00,
2018-10-26 06:00:00,
2018-10-26 09:00:00,
2018-10-26 12:00:00,
2018-10-26 15:00:00,
2018-10-26 18:00:00,
2018-10-26 21:00:00,
2018-10-27 00:00:00,
2018-10-27 03:00:00,
2018-10-27 06:00:00,
2018-10-27 09:00:00,
2018-10-27 12:00:00,
2018-10-27 15:00:00,
2018-10-27 18:00:00,
2018-10-27 21:00:00,
2018-10-28 00:00:00,
2018-10-28 03:00:00,
2018-10-28 06:00:00,
2018-10-28 09:00:00,
2018-10-28 12:00:00,
2018-10-28 15:00:00,
2018-10-28 18:00:00,
2018-10-28 21:00:00,
2018-10-29 00:00:00,
2018-10-29 03:00:00,
2018-10-29 06:00:00,
2018-10-29 09:00:00,
2018-10-29 12:00:00,
2018-10-29 15:00:00,
2018-10-29 18:00:00,
2018-10-29 21:00:00,
2018-10-30 00:00:00,
2018-10-30 03:00:00,
2018-10-30 06:00:00,
2018-10-30 09:00:00,
2018-10-30 12:00:00,
2018-10-30 15:00:00,
2018-10-30 18:00:00,
2018-10-30 21:00:00,
2018-10-31 00:00:00,
2018-10-31 03:00:00,
2018-10-31 06:00:00,
2018-10-31 09:00:00,
2018-10-31 12:00:00,
2018-10-31 15:00:00,
2018-10-31 18:00:00,
2018-10-31 21:00:00,
2018-11-01 00:00:00,
2018-11-01 03:00:00,
2018-11-01 06:00:00,
2018-11-01 09:00:00,
2018-11-01 12:00:00,
2018-11-01 15:00:00,
2018-11-01 18:00:00,
2018-11-01 21:00:00,
2018-11-02 00:00:00,
2018-11-02 03:00:00,
2018-11-02 06:00:00,
2018-11-02 09:00:00,
2018-11-02 12:00:00,
2018-11-02 15:00:00,
2018-11-02 18:00:00,
2018-11-02 21:00:00,
2018-11-03 00:00:00,
2018-11-03 03:00:00,
2018-11-03 06:00:00,
2018-11-03 09:00:00,
2018-11-03 12:00:00,
2018-11-03 15:00:00,
2018-11-03 18:00:00,
2018-11-03 21:00:00,
2018-11-04 00:00:00,
2018-11-04 03:00:00,
2018-11-04 06:00:00,
2018-11-04 09:00:00,
2018-11-04 12:00:00,
2018-11-04 15:00:00,
2018-11-04 18:00:00,
2018-11-04 21:00:00,
2018-11-05 00:00:00,
2018-11-05 03:00:00,
2018-11-05 06:00:00,
2018-11-05 09:00:00,
2018-11-05 12:00:00,
2018-11-05 15:00:00,
2018-11-05 18:00:00,
2018-11-05 21:00:00,
2018-11-06 00:00:00,
2018-11-06 03:00:00,
2018-11-06 06:00:00,
2018-11-06 09:00:00,
2018-11-06 12:00:00,
2018-11-06 15:00:00,
2018-11-06 18:00:00,
2018-11-06 21:00:00,
2018-11-07 00:00:00,
2018-11-07 03:00:00,
2018-11-07 06:00:00,
2018-11-07 09:00:00,
2018-11-07 12:00:00,
2018-11-07 15:00:00,
2018-11-07 18:00:00,
2018-11-07 21:00:00,
2018-11-08 00:00:00,
2018-11-08 03:00:00,
2018-11-08 06:00:00,
2018-11-08 09:00:00,
2018-11-08 12:00:00,
2018-11-08 15:00:00,
2018-11-08 18:00:00,
2018-11-08 21:00:00,
2018-11-09 00:00:00,
2018-11-09 03:00:00,
2018-11-09 06:00:00,
2018-11-09 09:00:00,
2018-11-09 12:00:00,
2018-11-09 15:00:00,
2018-11-09 18:00:00,
2018-11-09 21:00:00,
2018-11-10 00:00:00,
2018-11-10 03:00:00,
2018-11-10 06:00:00,
2018-11-10 09:00:00,
2018-11-10 12:00:00,
2018-11-10 15:00:00,
2018-11-10 18:00:00,
2018-11-10 21:00:00,
2018-11-11 00:00:00,
2018-11-11 03:00:00,
2018-11-11 06:00:00,
2018-11-11 09:00:00,
2018-11-11 12:00:00,
2018-11-11 15:00:00,
2018-11-11 18:00:00,
2018-11-11 21:00:00,
2018-11-12 00:00:00,
2018-11-12 03:00:00,
2018-11-12 06:00:00,
2018-11-12 09:00:00,
2018-11-12 12:00:00,
2018-11-12 15:00:00,
2018-11-12 18:00:00,
2018-11-12 21:00:00,
2018-11-13 00:00:00,
2018-11-13 03:00:00,
2018-11-13 06:00:00,
2018-11-13 09:00:00,
2018-11-13 12:00:00,
2018-11-13 15:00:00,
2018-11-13 18:00:00,
2018-11-13 21:00:00,
2018-11-14 00:00:00,
2018-11-14 03:00:00,
2018-11-14 06:00:00,
2018-11-14 09:00:00,
2018-11-14 12:00:00,
2018-11-14 15:00:00,
2018-11-14 18:00:00,
2018-11-14 21:00:00,
2018-11-15 00:00:00,
2018-11-15 03:00:00,
2018-11-15 06:00:00,
2018-11-15 09:00:00,
2018-11-15 12:00:00,
2018-11-15 15:00:00,
2018-11-15 18:00:00,
2018-11-15 21:00:00,
2018-11-16 00:00:00,
2018-11-16 03:00:00,
2018-11-16 06:00:00,
2018-11-16 09:00:00,
2018-11-16 12:00:00,
2018-11-16 15:00:00,
2018-11-16 18:00:00,
2018-11-16 21:00:00,
2018-11-17 00:00:00,
2018-11-17 03:00:00,
2018-11-17 06:00:00,
2018-11-17 09:00:00,
2018-11-17 12:00:00,
2018-11-17 15:00:00,
2018-11-17 18:00:00,
2018-11-17 21:00:00,
2018-11-18 00:00:00,
2018-11-18 03:00:00,
2018-11-18 06:00:00,
2018-11-18 09:00:00,
2018-11-18 12:00:00,
2018-11-18 15:00:00,
2018-11-18 18:00:00,
2018-11-18 21:00:00,
2018-11-19 00:00:00,
2018-11-19 03:00:00,
2018-11-19 06:00:00,
2018-11-19 09:00:00,
2018-11-19 12:00:00,
2018-11-19 15:00:00,
2018-11-19 18:00:00,
2018-11-19 21:00:00,
2018-11-20 00:00:00,
2018-11-20 03:00:00,
2018-11-20 06:00:00,
2018-11-20 09:00:00,
2018-11-20 12:00:00,
2018-11-20 15:00:00,
2018-11-20 18:00:00,
2018-11-20 21:00:00,
2018-11-21 00:00:00,
2018-11-21 03:00:00,
2018-11-21 06:00:00,
2018-11-21 09:00:00,
2018-11-21 12:00:00,
2018-11-21 15:00:00,
2018-11-21 18:00:00,
2018-11-21 21:00:00,
2018-11-22 00:00:00,
2018-11-22 03:00:00,
2018-11-22 06:00:00,
2018-11-22 09:00:00,
2018-11-22 12:00:00,
2018-11-22 15:00:00,
2018-11-22 18:00:00,
2018-11-22 21:00:00,
2018-11-23 00:00:00,
2018-11-23 03:00:00,
2018-11-23 06:00:00,
2018-11-23 09:00:00,
2018-11-23 12:00:00,
2018-11-23 15:00:00,
2018-11-23 18:00:00,
2018-11-23 21:00:00,
2018-11-24 00:00:00,
2018-11-24 03:00:00,
2018-11-24 06:00:00,
2018-11-24 09:00:00,
2018-11-24 12:00:00,
2018-11-24 15:00:00,
2018-11-24 18:00:00,
2018-11-24 21:00:00,
2018-11-25 00:00:00,
2018-11-25 03:00:00,
2018-11-25 06:00:00,
2018-11-25 09:00:00,
2018-11-25 12:00:00,
2018-11-25 15:00:00,
2018-11-25 18:00:00,
2018-11-25 21:00:00,
2018-11-26 00:00:00,
2018-11-26 03:00:00,
2018-11-26 06:00:00,
2018-11-26 09:00:00,
2018-11-26 12:00:00,
2018-11-26 15:00:00,
2018-11-26 18:00:00,
2018-11-26 21:00:00,
2018-11-27 00:00:00,
2018-11-27 03:00:00,
2018-11-27 06:00:00,
2018-11-27 09:00:00,
2018-11-27 12:00:00,
2018-11-27 15:00:00,
2018-11-27 18:00:00,
2018-11-27 21:00:00,
2018-11-28 00:00:00,
2018-11-28 03:00:00,
2018-11-28 06:00:00,
2018-11-28 09:00:00,
2018-11-28 12:00:00,
2018-11-28 15:00:00,
2018-11-28 18:00:00,
2018-11-28 21:00:00,
2018-11-29 00:00:00,
2018-11-29 03:00:00,
2018-11-29 06:00:00,
2018-11-29 09:00:00,
2018-11-29 12:00:00,
2018-11-29 15:00:00,
2018-11-29 18:00:00,
2018-11-29 21:00:00,
2018-11-30 00:00:00,
2018-11-30 03:00:00,
2018-11-30 06:00:00,
2018-11-30 09:00:00,
2018-11-30 12:00:00,
2018-11-30 15:00:00,
2018-11-30 18:00:00,
2018-11-30 21:00:00,
2018-12-01 00:00:00,
2018-12-01 03:00:00,
2018-12-01 06:00:00,
2018-12-01 09:00:00,
2018-12-01 12:00:00,
2018-12-01 15:00:00,
2018-12-01 18:00:00,
2018-12-01 21:00:00,
2018-12-02 00:00:00,
2018-12-02 03:00:00,
2018-12-02 06:00:00,
2018-12-02 09:00:00,
2018-12-02 12:00:00,
2018-12-02 15:00:00,
2018-12-02 18:00:00,
2018-12-02 21:00:00,
2018-12-03 00:00:00,
2018-12-03 03:00:00,
2018-12-03 06:00:00,
2018-12-03 09:00:00,
2018-12-03 12:00:00,
2018-12-03 15:00:00,
2018-12-03 18:00:00,
2018-12-03 21:00:00,
2018-12-04 00:00:00,
2018-12-04 03:00:00,
2018-12-04 06:00:00,
2018-12-04 09:00:00,
2018-12-04 12:00:00,
2018-12-04 15:00:00,
2018-12-04 18:00:00,
2018-12-04 21:00:00,
2018-12-05 00:00:00,
2018-12-05 03:00:00,
2018-12-05 06:00:00,
2018-12-05 09:00:00,
2018-12-05 12:00:00,
2018-12-05 15:00:00,
2018-12-05 18:00:00,
2018-12-05 21:00:00,
2018-12-06 00:00:00,
2018-12-06 03:00:00,
2018-12-06 06:00:00,
2018-12-06 09:00:00,
2018-12-06 12:00:00,
2018-12-06 15:00:00,
2018-12-06 18:00:00,
2018-12-06 21:00:00,
2018-12-07 00:00:00,
2018-12-07 03:00:00,
2018-12-07 06:00:00,
2018-12-07 09:00:00,
2018-12-07 12:00:00,
2018-12-07 15:00:00,
2018-12-07 18:00:00,
2018-12-07 21:00:00,
2018-12-08 00:00:00,
2018-12-08 03:00:00,
2018-12-08 06:00:00,
2018-12-08 09:00:00,
2018-12-08 12:00:00,
2018-12-08 15:00:00,
2018-12-08 18:00:00,
2018-12-08 21:00:00,
2018-12-09 00:00:00,
2018-12-09 03:00:00,
2018-12-09 06:00:00,
2018-12-09 09:00:00,
2018-12-09 12:00:00,
2018-12-09 15:00:00,
2018-12-09 18:00:00,
2018-12-09 21:00:00,
2018-12-10 00:00:00,
2018-12-10 03:00:00,
2018-12-10 06:00:00,
2018-12-10 09:00:00,
2018-12-10 12:00:00,
2018-12-10 15:00:00,
2018-12-10 18:00:00,
2018-12-10 21:00:00,
2018-12-11 00:00:00,
2018-12-11 03:00:00,
2018-12-11 06:00:00,
2018-12-11 09:00:00,
2018-12-11 12:00:00,
2018-12-11 15:00:00,
2018-12-11 18:00:00,
2018-12-11 21:00:00,
2018-12-12 00:00:00,
2018-12-12 03:00:00,
2018-12-12 06:00:00,
2018-12-12 09:00:00,
2018-12-12 12:00:00,
2018-12-12 15:00:00,
2018-12-12 18:00:00,
2018-12-12 21:00:00,
2018-12-13 00:00:00,
2018-12-13 03:00:00,
2018-12-13 06:00:00,
2018-12-13 09:00:00,
2018-12-13 12:00:00,
2018-12-13 15:00:00,
2018-12-13 18:00:00,
2018-12-13 21:00:00,
2018-12-14 00:00:00,
2018-12-14 03:00:00,
2018-12-14 06:00:00,
2018-12-14 09:00:00,
2018-12-14 12:00:00,
2018-12-14 15:00:00,
2018-12-14 18:00:00,
2018-12-14 21:00:00,
2018-12-15 00:00:00,
2018-12-15 03:00:00,
2018-12-15 06:00:00,
2018-12-15 09:00:00,
2018-12-15 12:00:00,
2018-12-15 15:00:00,
2018-12-15 18:00:00,
2018-12-15 21:00:00,
2018-12-16 00:00:00,
2018-12-16 03:00:00,
2018-12-16 06:00:00,
2018-12-16 09:00:00,
2018-12-16 12:00:00,
2018-12-16 15:00:00,
2018-12-16 18:00:00,
2018-12-16 21:00:00,
2018-12-17 00:00:00,
2018-12-17 03:00:00,
2018-12-17 06:00:00,
2018-12-17 09:00:00,
2018-12-17 12:00:00,
2018-12-17 15:00:00,
2018-12-17 18:00:00,
2018-12-17 21:00:00,
2018-12-18 00:00:00,
2018-12-18 03:00:00,
2018-12-18 06:00:00,
2018-12-18 09:00:00,
2018-12-18 12:00:00,
2018-12-18 15:00:00,
2018-12-18 18:00:00,
2018-12-18 21:00:00,
2018-12-19 00:00:00,
2018-12-19 03:00:00,
2018-12-19 06:00:00,
2018-12-19 09:00:00,
2018-12-19 12:00:00,
2018-12-19 15:00:00,
2018-12-19 18:00:00,
2018-12-19 21:00:00,
2018-12-20 00:00:00,
2018-12-20 03:00:00,
2018-12-20 06:00:00,
2018-12-20 09:00:00,
2018-12-20 12:00:00,
2018-12-20 15:00:00,
2018-12-20 18:00:00,
2018-12-20 21:00:00,
2018-12-21 00:00:00,
2018-12-21 03:00:00,
2018-12-21 06:00:00,
2018-12-21 09:00:00,
2018-12-21 12:00:00,
2018-12-21 15:00:00,
2018-12-21 18:00:00,
2018-12-21 21:00:00,
2018-12-22 00:00:00,
2018-12-22 03:00:00,
2018-12-22 06:00:00,
2018-12-22 09:00:00,
2018-12-22 12:00:00,
2018-12-22 15:00:00,
2018-12-22 18:00:00,
2018-12-22 21:00:00,
2018-12-23 00:00:00,
2018-12-23 03:00:00,
2018-12-23 06:00:00,
2018-12-23 09:00:00,
2018-12-23 12:00:00,
2018-12-23 15:00:00,
2018-12-23 18:00:00,
2018-12-23 21:00:00,
2018-12-24 00:00:00,
2018-12-24 03:00:00,
2018-12-24 06:00:00,
2018-12-24 09:00:00,
2018-12-24 12:00:00,
2018-12-24 15:00:00,
2018-12-24 18:00:00,
2018-12-24 21:00:00,
2018-12-25 00:00:00,
2018-12-25 03:00:00,
2018-12-25 06:00:00,
2018-12-25 09:00:00,
2018-12-25 12:00:00,
2018-12-25 15:00:00,
2018-12-25 18:00:00,
2018-12-25 21:00:00,
2018-12-26 00:00:00,
2018-12-26 03:00:00,
2018-12-26 06:00:00,
2018-12-26 09:00:00,
2018-12-26 12:00:00,
2018-12-26 15:00:00,
2018-12-26 18:00:00,
2018-12-26 21:00:00,
2018-12-27 00:00:00,
2018-12-27 03:00:00,
2018-12-27 06:00:00,
2018-12-27 09:00:00,
2018-12-27 12:00:00,
2018-12-27 15:00:00,
2018-12-27 18:00:00,
2018-12-27 21:00:00,
2018-12-28 00:00:00,
2018-12-28 03:00:00,
2018-12-28 06:00:00,
2018-12-28 09:00:00,
2018-12-28 12:00:00,
2018-12-28 15:00:00,
2018-12-28 18:00:00,
2018-12-28 21:00:00,
2018-12-29 00:00:00,
2018-12-29 03:00:00,
2018-12-29 06:00:00,
2018-12-29 09:00:00,
2018-12-29 12:00:00,
2018-12-29 15:00:00,
2018-12-29 18:00:00,
2018-12-29 21:00:00,
2018-12-30 00:00:00,
2018-12-30 03:00:00,
2018-12-30 06:00:00,
2018-12-30 09:00:00,
2018-12-30 12:00:00,
2018-12-30 15:00:00,
2018-12-30 18:00:00,
2018-12-30 21:00:00,
2018-12-31 00:00:00,
2018-12-31 03:00:00,
2018-12-31 06:00:00,
2018-12-31 09:00:00,
2018-12-31 12:00:00,
2018-12-31 15:00:00,
2018-12-31 18:00:00,
2018-12-31 21:00:00,
